,Date,Capacity,Turnover,Open,High,Low,Close,Change,Transcation
0,2020-05-04,15648380,1296408090,82.4,83.3,82.2,83.0,-2.5,8848
1,2020-05-05,7810636,651512279,83.5,83.8,83.0,83.4,0.4,3986
2,2020-05-06,6142593,511218824,83.3,83.75,82.6,83.5,0.1,3610
3,2020-05-07,6140995,514715030,83.5,84.15,83.3,83.85,0.35,3429
4,2020-05-08,6034013,508981564,84.6,84.75,84.0,84.35,0.5,3530
5,2020-05-11,6655422,566557718,85.0,85.4,84.7,85.05,0.7,4065
6,2020-05-12,11549365,970944184,84.6,84.6,83.65,84.05,-1.0,6496
7,2020-05-13,4967165,417187216,83.7,84.4,83.6,84.3,0.25,2672
8,2020-05-14,8743268,729929358,83.8,83.85,83.2,83.3,-1.0,4975
9,2020-05-15,6190781,518392098,84.05,84.25,83.05,83.85,0.55,3135
10,2020-05-18,8271703,687412937,83.05,83.45,82.8,83.15,-0.7,4054
11,2020-05-19,5477775,460004900,84.4,84.5,83.65,83.9,0.75,3225
12,2020-05-20,9894141,830898729,84.0,84.2,83.5,83.8,-0.1,8013
13,2020-05-21,7568047,639149173,84.15,84.8,84.1,84.5,0.7,3658
14,2020-05-22,13354146,1110886948,83.8,83.9,82.9,82.95,-1.55,8390
15,2020-05-25,5250544,435011428,83.15,83.5,82.15,83.5,0.55,3380
16,2020-05-26,15454949,1305177905,84.25,84.65,83.85,84.45,0.95,5465
17,2020-05-27,4589767,387703276,84.7,84.85,84.05,84.35,-0.1,3012
18,2020-05-28,7476909,630228694,84.9,84.9,83.55,83.85,-0.5,3104
19,2020-05-29,5320690,444529073,83.4,84.45,83.0,84.45,0.6,2851
20,2020-06-01,8365321,709979535,84.45,85.15,84.4,84.9,0.45,4221
21,2020-06-02,11947060,1019866379,85.0,85.5,85.0,85.3,0.4,4546
22,2020-06-03,18117244,1567235805,86.15,86.9,86.1,86.8,1.5,7251
23,2020-06-04,15036553,1315498861,87.5,87.75,87.15,87.6,0.8,6182
24,2020-06-05,9916582,873460722,87.7,88.35,87.7,88.35,0.75,5501
25,2020-06-08,15549542,1388746538,88.9,89.8,88.8,89.5,1.15,7617
26,2020-06-09,11356579,1016232445,89.6,89.8,88.95,89.6,0.1,4738
27,2020-06-10,10998897,992706489,89.65,90.7,89.55,90.45,0.85,6189
28,2020-06-11,14179192,1274547880,90.45,90.85,89.0,89.05,-1.4,6785
29,2020-06-12,21563371,1896372312,87.25,88.5,87.1,88.25,-0.8,9065
30,2020-06-15,9573700,839035110,88.1,88.3,86.9,87.0,-1.25,6066
31,2020-06-16,10841047,962708421,88.15,89.2,88.15,88.9,1.9,5206
32,2020-06-17,11510236,1022814504,89.2,89.2,88.3,89.0,0.1,9354
33,2020-06-18,5035751,447396539,89.05,89.3,88.35,88.9,-0.1,2385
34,2020-06-19,2333985,207473976,89.0,89.15,88.65,88.85,-0.05,1483
35,2020-06-22,10579456,943788276,88.85,89.7,88.85,89.05,0.2,3109
36,2020-06-23,8664889,775774053,89.6,90.05,88.8,89.45,0.4,3040
37,2020-06-24,10061904,907813260,89.8,90.5,89.8,90.0,0.55,4330
38,2020-06-29,9785007,872080579,89.25,89.6,88.65,89.1,-0.9,5184
39,2020-06-30,8035137,720381822,89.55,89.95,89.4,89.9,0.8,2697
40,2020-07-01,9979250,904497055,89.95,90.9,89.95,90.5,0.6,4711
41,2020-07-02,7601474,693803341,90.65,91.5,90.6,91.5,1.0,4366
42,2020-07-03,14983163,1385847691,92.1,92.75,92.1,92.55,1.05,6056
43,2020-07-06,14469339,1358063416,93.2,94.3,93.2,94.15,1.6,8897
44,2020-07-07,13927773,1319126267,95.0,95.5,94.1,94.5,0.35,6723
45,2020-07-08,11145368,1059607510,94.5,95.4,94.4,95.15,0.65,5083
46,2020-07-09,7241657,692045803,95.7,95.85,95.15,95.45,0.3,3549
47,2020-07-10,11502554,1094033243,95.55,95.7,94.6,94.65,-0.8,5770
48,2020-07-13,12054512,1153447842,95.4,96.1,95.25,96.05,1.4,5984
49,2020-07-14,13480664,1295085558,95.8,96.65,95.7,96.65,0.6,4715
50,2020-07-15,21315724,2077523237,97.3,97.95,96.7,97.05,0.4,11931
51,2020-07-16,7632129,735642427,97.0,97.0,95.85,96.1,-0.95,5029
52,2020-07-17,18010470,1751082740,97.05,97.7,96.7,97.2,1.1,7731
53,2020-07-20,9486407,918916229,97.2,97.35,96.25,97.05,-0.15,6545
54,2020-07-21,24740975,2433422779,97.15,99.1,97.1,98.7,0.0,12450
55,2020-07-22,7243893,717050857,98.55,99.25,98.35,98.95,0.25,4151
56,2020-07-23,6008972,592464031,98.85,98.9,98.1,98.85,-0.1,3535
57,2020-07-24,17377622,1724382788,99.0,100.1,98.25,98.5,-0.35,6823
58,2020-07-27,22874174,2356342872,101.8,103.55,101.8,103.3,4.8,11883
59,2020-07-28,22422761,2379933200,107.25,108.7,103.3,103.6,0.3,11952
60,2020-07-29,9636665,992523048,102.8,103.8,102.1,102.55,-1.05,4854
61,2020-07-30,6587085,685105923,104.2,105.0,103.3,104.05,1.5,3693
62,2020-07-31,5314021,551884860,103.9,104.3,103.45,103.8,-0.25,3221
63,2020-08-03,7258914,744236128,103.45,103.5,102.0,102.0,-1.8,4831
64,2020-08-04,4798147,493967922,102.55,103.35,102.55,103.3,1.3,3057
65,2020-08-05,5106381,531964659,104.1,104.5,103.75,104.3,1.0,3080
66,2020-08-06,7430095,783441756,105.45,105.95,104.85,105.4,1.1,4239
67,2020-08-07,6803730,712917364,105.55,105.55,104.3,104.65,-0.75,3541
68,2020-08-10,5905752,622370140,104.1,105.85,104.1,105.6,0.95,4997
69,2020-08-11,3199141,336459703,105.4,105.65,104.75,104.8,-0.8,2468
70,2020-08-12,5916723,611921693,104.0,104.0,103.0,103.25,-1.55,3418
71,2020-08-13,5461251,570110533,104.7,104.9,104.05,104.25,1.0,2280
72,2020-08-14,3779950,393960616,103.8,104.5,103.5,104.5,0.25,2051
73,2020-08-17,5641660,593122510,104.5,105.7,104.25,105.6,1.1,3812
74,2020-08-18,3745611,393780655,105.7,105.9,104.65,105.0,-0.6,2556
75,2020-08-19,6043314,631939609,105.0,105.45,104.1,104.25,-0.75,5186
76,2020-08-20,18738215,1897013023,103.8,103.8,98.7,100.6,-3.65,11099
77,2020-08-21,8132713,832420919,102.15,103.0,101.7,102.8,2.2,5138
78,2020-08-24,3718559,383234215,102.85,103.55,102.3,103.1,0.3,2576
79,2020-08-25,3609809,375149258,103.45,104.35,103.35,103.9,0.8,2447
80,2020-08-26,2665520,277638503,104.0,104.35,103.6,104.3,0.4,2573
81,2020-08-27,5706106,599909101,105.1,105.7,104.45,104.55,0.25,2953
82,2020-08-28,3913299,405257434,103.85,104.25,103.0,103.5,-1.05,2680
83,2020-08-31,5759933,593120338,104.1,104.25,101.8,101.8,-1.7,3452
84,2020-09-01,5735637,587861691,102.45,103.35,101.85,103.35,1.55,2800
85,2020-09-02,4133083,425506025,103.65,104.05,102.3,103.0,-0.35,2025
86,2020-09-03,5129198,532334317,103.7,104.3,103.2,103.3,0.3,2346
87,2020-09-04,5916012,604970586,102.0,102.7,101.9,102.55,-0.75,3361
88,2020-09-07,5499657,563619413,102.55,103.05,101.9,102.4,-0.15,3954
89,2020-09-08,4504453,463379909,102.75,103.1,102.45,103.0,0.6,2719
90,2020-09-09,6274033,637408220,101.75,102.35,101.15,102.3,-0.7,3797
91,2020-09-10,3581337,369033967,102.8,103.35,102.6,103.2,0.9,2701
92,2020-09-11,2905291,299577717,103.2,103.35,102.8,103.25,0.05,1919
93,2020-09-14,5753474,599428685,103.5,104.55,103.25,104.55,1.3,3686
94,2020-09-15,5438768,570384840,104.45,105.2,104.25,104.95,0.4,3321
95,2020-09-16,14855265,1585216900,106.55,107.0,106.35,106.55,1.6,6243
96,2020-09-17,8748846,924073883,106.05,106.35,105.1,105.4,-1.15,2813
97,2020-09-18,4951719,521608487,105.4,105.7,104.85,105.3,-0.1,2031
98,2020-09-21,5709735,599969574,105.2,105.9,104.35,104.45,-0.85,2400
99,2020-09-22,6636055,686437756,104.3,104.3,102.95,103.1,-1.35,3984
100,2020-09-23,9454100,930964496,103.5,103.5,102.4,102.95,-0.15,3414
101,2020-09-24,15784773,1591408178,101.55,101.8,100.25,100.45,-2.5,10143
102,2020-09-25,9498930,956362729,100.75,101.45,100.05,100.65,0.2,5795
103,2020-09-28,6026880,613784969,101.35,102.3,101.0,102.3,1.65,3799
104,2020-09-29,3759262,386035352,102.75,103.25,102.15,102.55,0.25,2283
105,2020-09-30,3545485,365486223,102.75,103.45,102.6,103.0,0.45,2026
106,2020-10-05,5912599,611109577,103.45,104.05,103.0,103.05,0.05,3406
107,2020-10-06,6875260,716387698,104.0,104.35,103.85,104.25,1.2,4463
108,2020-10-07,4011139,419191630,104.0,105.0,103.5,104.8,0.55,3511
109,2020-10-08,13470899,1426719794,105.45,106.35,105.3,106.2,1.4,7466
110,2020-10-12,9837999,1054361643,106.7,107.7,106.7,107.05,0.85,6156
111,2020-10-13,5410614,577962340,107.35,107.6,106.2,107.1,0.05,3278
112,2020-10-14,2562860,273648098,107.05,107.2,106.45,106.7,-0.4,1916
113,2020-10-15,4550154,481080290,106.5,106.5,105.1,105.7,-1.0,2578
114,2020-10-16,3239005,342147843,105.7,106.3,105.1,105.25,-0.45,2646
115,2020-10-19,3459323,367826138,105.65,106.6,105.6,106.6,1.35,2680
116,2020-10-20,1414032,150155790,106.4,106.45,106.0,106.0,-0.6,1168
117,2020-10-21,8599387,911039411,106.0,106.55,105.65,105.95,-0.05,6578
118,2020-10-22,2158260,228303838,105.7,106.1,105.5,106.1,0.15,1479
119,2020-10-23,3205830,339926838,106.5,106.65,105.65,106.1,0.0,1237
120,2020-10-26,2918339,309750999,106.1,106.6,105.8,106.1,0.0,3402
121,2020-10-27,3438003,362491156,105.75,105.75,105.15,105.5,-0.6,4510
122,2020-10-28,4782251,502747144,105.5,105.5,104.8,105.0,-0.5,4348
123,2020-10-29,7191693,745591107,104.0,104.1,103.25,103.85,-1.15,8301
124,2020-10-30,6564423,677255468,103.55,103.6,102.7,103.0,-0.85,7141
125,2020-11-02,10228786,1050887316,103.15,103.45,102.3,103.4,0.4,8143
126,2020-11-03,4444060,464333020,104.2,104.85,104.05,104.6,1.2,4393
127,2020-11-04,5081769,536537006,105.0,106.2,104.7,106.15,1.55,4542
128,2020-11-05,4331427,459148329,106.2,106.4,105.55,106.05,-0.1,3321
129,2020-11-06,6315479,674047631,106.35,107.05,106.3,106.7,0.65,7927
130,2020-11-09,11429760,1234448730,107.75,108.4,107.25,108.1,1.4,7084
131,2020-11-10,4451469,478029991,108.0,108.0,106.8,107.1,-1.0,4098
132,2020-11-11,8631279,935036530,107.1,108.75,107.1,108.75,1.65,5765
133,2020-11-12,3870766,421927706,109.0,109.4,108.7,108.8,0.05,3172
134,2020-11-13,3829664,417113986,108.6,109.3,108.45,109.25,0.45,3049
135,2020-11-16,9421082,1052631798,110.4,112.8,110.4,112.8,3.55,8277
136,2020-11-17,8297028,945842517,115.0,115.75,113.4,113.6,0.8,6274
137,2020-11-18,19747534,2254742494,113.6,114.95,113.15,114.35,0.75,18354
138,2020-11-19,4505205,514299847,114.45,114.55,113.8,114.15,-0.2,3786
139,2020-11-20,4800675,546485967,114.15,114.15,113.35,114.0,-0.15,3751
140,2020-11-23,5800114,668881804,114.65,115.85,114.65,115.45,1.45,4322
141,2020-11-24,6181698,712360322,115.95,115.95,114.75,114.9,-0.55,4988
142,2020-11-25,4184128,479175012,115.7,115.7,113.9,113.95,-0.95,5005
143,2020-11-26,2561228,293607672,114.05,115.0,114.05,114.85,0.9,3146
144,2020-11-27,5329935,609955495,114.5,114.85,114.1,114.65,-0.2,3372
145,2020-11-30,9569902,1092174851,114.8,115.15,113.3,113.3,-1.35,7844
146,2020-12-01,5097362,579908169,113.8,114.3,113.35,114.3,1.0,3856
147,2020-12-02,6132300,706416245,115.0,115.55,114.5,115.4,1.1,3958
148,2020-12-03,5977208,690191929,115.45,116.1,115.0,115.4,0.0,3650
149,2020-12-04,12351997,1441028838,115.9,117.45,115.9,117.3,1.9,5651
150,2020-12-07,6859570,809975765,118.5,118.75,117.5,118.4,1.1,6523
151,2020-12-08,6401980,760790348,118.45,120.05,117.95,120.05,1.65,5575
152,2020-12-09,6302763,755414967,120.0,120.2,119.5,120.05,0.0,5187
153,2020-12-10,8417879,996846199,119.15,119.15,118.05,118.6,-1.45,9233
154,2020-12-11,4798609,567107835,118.8,119.15,117.25,118.75,0.15,5384
155,2020-12-14,2479991,293305597,118.65,118.65,118.0,118.25,-0.5,3439
156,2020-12-15,9664754,1132041750,117.95,118.0,116.75,117.05,-1.2,9128
157,2020-12-16,13383363,1589857607,117.9,119.3,117.85,119.25,2.2,13255
158,2020-12-17,3001579,355533497,119.15,119.15,118.0,118.6,-0.65,3369
159,2020-12-18,2585473,305752089,118.55,118.7,118.0,118.2,-0.4,3012
160,2020-12-21,4402203,521717200,118.25,119.4,117.5,119.35,1.15,4369
161,2020-12-22,5849363,694797654,119.05,119.5,117.85,118.0,-1.35,4923
162,2020-12-23,4246980,500926481,117.85,118.3,117.5,118.15,0.15,3060
163,2020-12-24,2498996,296457152,118.4,118.85,118.2,118.8,0.65,2262
164,2020-12-25,2878357,343128324,119.1,119.6,118.6,118.95,0.15,3097
165,2020-12-28,3495974,418460860,119.05,120.0,119.05,120.0,1.05,4173
166,2020-12-29,3177140,380694787,120.05,120.2,119.35,119.9,-0.1,2824
167,2020-12-30,5501727,664129018,120.0,121.6,119.9,121.6,1.7,4169
168,2020-12-31,5845572,713540097,122.15,122.4,121.7,122.25,0.65,3679
169,2021-01-04,6307525,778088986,122.2,124.5,122.0,124.35,2.1,5434
170,2021-01-05,4962514,616480760,124.2,124.65,123.75,124.6,0.25,6179
171,2021-01-06,10859755,1367952768,126.1,127.15,124.1,125.95,1.35,9245
172,2021-01-07,6863448,877015237,126.55,129.0,126.55,128.9,2.95,6299
173,2021-01-08,13298515,1733821488,130.6,131.25,129.55,131.2,2.3,10629
174,2021-01-11,10492804,1375120183,131.2,132.3,130.5,132.3,1.1,10995
175,2021-01-12,11223083,1484059869,132.3,133.15,131.6,132.1,-0.2,11184
176,2021-01-13,10912897,1465070002,132.75,135.45,132.7,135.3,3.2,8059
177,2021-01-14,12390589,1660294742,135.0,135.05,133.35,134.05,-1.25,11405
178,2021-01-15,21933080,2983569891,137.15,138.0,134.4,134.5,0.45,13533
179,2021-01-18,14495824,1937130062,134.6,134.95,132.1,134.4,-0.1,11800
180,2021-01-19,12262208,1675696411,135.2,138.1,135.2,137.95,3.55,8222
181,2021-01-20,30367315,4202770386,138.1,139.5,137.65,138.2,0.25,25701
182,2021-01-21,14029981,1984425275,138.4,143.25,138.35,143.0,4.8,12122
183,2021-01-22,24714046,3413371452,138.2,139.0,135.0,137.45,0.0,26235
184,2021-01-25,14258565,1931915211,137.2,137.3,134.2,135.6,-1.85,15890
185,2021-01-26,15080041,2016627426,135.55,136.6,131.8,132.85,-2.75,20506
186,2021-01-27,8124071,1082040695,133.3,134.4,132.25,133.05,0.2,8939
187,2021-01-28,15242813,1983766728,130.0,131.3,129.4,130.35,-2.7,20286
188,2021-01-29,14709917,1910423184,131.6,131.85,128.2,128.2,-2.15,18761
189,2021-02-01,14510389,1873041979,128.2,130.95,127.55,130.75,2.55,12642
190,2021-02-02,11194661,1502540355,132.5,135.05,132.5,134.45,3.7,11062
191,2021-02-03,7317436,985895363,135.45,135.5,134.2,134.35,-0.1,7686
192,2021-02-04,6783557,905762129,133.4,134.55,132.35,133.55,-0.8,7854
193,2021-02-05,9116600,1232781527,134.8,136.3,134.2,134.8,1.25,9975
194,2021-02-17,19308197,2703193279,139.0,140.85,139.0,140.55,5.75,18365
195,2021-02-18,10805214,1515128298,140.55,141.25,139.6,140.35,-0.2,11664
196,2021-02-19,9327689,1291374488,139.55,139.55,137.6,138.85,-1.5,14087
197,2021-02-22,7156162,998526381,139.8,140.75,138.75,138.8,-0.05,10082
198,2021-02-23,8026444,1103431395,137.15,138.7,136.45,138.5,-0.3,10480
199,2021-02-24,11227133,1538182466,137.0,138.2,136.25,136.45,-2.05,17875
200,2021-02-25,10368420,1425196624,137.85,138.15,136.7,137.55,1.1,7158
201,2021-02-26,27725975,3715513046,134.65,135.2,133.3,133.4,-4.15,37326
202,2021-03-02,7501387,1010256514,135.5,135.65,133.45,133.45,0.05,10851
203,2021-03-03,8596895,1154467890,133.75,135.4,132.7,135.4,1.95,8407
204,2021-03-04,17641322,2341433954,134.35,134.35,131.7,132.75,-2.65,27088
205,2021-03-05,14721332,1927803083,130.05,132.6,129.5,131.95,-0.8,17078
206,2021-03-08,12425275,1646769774,133.75,133.8,131.5,131.85,-0.1,13253
207,2021-03-09,13755992,1797274857,130.55,131.6,129.75,131.35,-0.5,16324
208,2021-03-10,5608897,740047666,132.3,132.6,131.4,131.9,0.55,8636
209,2021-03-11,9343919,1253580767,132.05,134.95,132.05,134.7,2.8,8659
210,2021-03-12,5700896,770243301,135.25,135.65,134.5,135.25,0.55,6513
211,2021-03-15,3852212,519490377,135.25,135.25,134.45,134.9,-0.35,6120
212,2021-03-16,6868571,928771155,135.45,135.65,134.75,135.35,0.45,7042
213,2021-03-17,6923261,931947167,135.35,135.4,134.0,134.2,-1.15,9793
214,2021-03-18,7050890,954824165,135.1,136.05,134.8,134.9,0.7,5861
215,2021-03-19,10691849,1419477837,133.45,133.5,132.3,132.8,-2.1,18811
216,2021-03-22,5510347,731825252,132.4,133.6,131.6,133.4,0.6,7159
217,2021-03-23,6994160,937937176,133.9,134.7,133.6,133.6,0.2,4759
218,2021-03-24,11082813,1459923222,131.8,132.45,131.3,131.5,-2.1,20959
219,2021-03-25,5186148,681481755,131.1,132.55,130.6,131.95,0.45,8602
220,2021-03-26,8134654,1087961095,133.05,134.4,132.55,134.35,2.4,8197
221,2021-03-29,8323344,1128219385,135.2,135.9,135.05,135.45,1.1,7882
222,2021-03-30,4937584,669668601,135.8,135.95,135.2,135.9,0.45,5898
223,2021-03-31,7829355,1057200674,135.8,135.8,134.6,134.75,-1.15,8619
224,2021-04-01,7419804,1007813912,135.7,136.05,135.2,135.75,1.0,6863
225,2021-04-06,9539511,1315017720,138.3,138.3,137.25,137.65,1.9,10501
226,2021-04-07,4477900,616257780,137.7,137.95,137.15,137.8,0.15,6799
227,2021-04-08,6467189,890757368,137.35,138.25,136.65,138.25,0.45,7006
228,2021-04-09,3762585,519688684,138.85,138.9,137.65,137.95,-0.3,5619
229,2021-04-12,6145704,844165036,138.05,138.4,136.65,137.15,-0.8,8315
230,2021-04-13,5823793,804091513,137.2,138.8,137.0,137.15,0.0,6884
231,2021-04-14,6608307,905363241,137.35,137.9,136.05,137.9,0.75,7261
232,2021-04-15,7802826,1080396590,138.05,139.05,137.6,139.05,1.15,7781
233,2021-04-16,11331158,1573488224,138.9,139.25,138.4,139.25,0.2,8180
234,2021-04-19,8221039,1145154942,139.25,139.75,138.65,139.5,0.25,6575
235,2021-04-20,4898074,681738871,138.85,139.55,138.8,139.25,-0.25,6290
236,2021-04-21,8098256,1119460883,138.95,138.95,138.0,138.0,-1.25,10126
237,2021-04-22,4152152,574280227,138.55,139.05,137.7,137.9,-0.1,5322
238,2021-04-23,6127836,848868654,137.9,139.15,137.4,139.15,1.25,5207
239,2021-04-26,12215063,1717301989,140.0,141.35,139.9,141.2,2.05,11503
240,2021-04-27,6750710,953806604,141.2,141.7,140.8,141.25,0.05,5929
241,2021-04-28,3106978,436811318,141.25,141.25,140.2,140.4,-0.85,4480
242,2021-04-29,9026319,1276309167,141.0,142.0,140.6,140.6,0.2,5454
243,2021-05-03,7325314,1015536773,140.4,140.4,138.1,138.25,-2.35,13729
244,2021-05-04,13831267,1893528298,138.25,138.35,135.0,137.05,-1.2,16369
245,2021-05-05,9345225,1276849685,137.05,137.3,135.7,135.75,-1.3,14960
246,2021-05-06,8216084,1121548346,136.3,137.5,135.5,136.95,1.2,9073
247,2021-05-07,7168292,995811085,138.15,139.45,137.95,139.4,2.45,6072
248,2021-05-10,4491095,622306962,139.5,139.5,138.1,138.45,-0.95,6694
249,2021-05-11,26853369,3602198584,135.75,135.8,132.6,133.25,-5.2,37645
250,2021-05-12,40085754,5136665616,132.9,132.9,121.2,129.4,-3.85,47641
251,2021-05-13,28100529,3599079125,126.25,130.0,125.0,127.5,-1.9,30520
252,2021-05-14,15790431,2035292037,128.5,130.25,127.85,128.95,1.45,16237
253,2021-05-17,32505861,4111437455,125.2,128.8,124.7,126.5,-2.45,35528
254,2021-05-18,16612226,2167982126,128.35,132.3,128.0,132.3,5.8,13448
255,2021-05-19,17193723,2261698330,132.2,132.65,130.5,131.4,-0.9,17676
256,2021-05-20,9780505,1274831292,131.35,131.4,129.7,130.5,-0.9,9207
257,2021-05-21,10248024,1358135228,132.5,133.85,131.3,132.35,1.85,7006
258,2021-05-24,10375497,1367233343,131.55,132.65,131.15,132.15,-0.2,8922
259,2021-05-25,10326420,1368221026,132.9,134.65,132.9,134.4,2.25,8064
260,2021-05-26,5246780,705851187,134.85,135.15,133.95,134.5,0.1,5468
261,2021-05-27,5858001,779436245,133.5,133.7,132.35,133.55,-0.95,6872
262,2021-05-28,9754500,1320088577,134.9,135.9,134.3,135.8,2.25,7907
263,2021-05-31,10607435,1451843105,135.8,137.55,135.8,137.1,1.3,7985
264,2021-06-01,5710574,786076633,137.2,138.1,137.2,137.7,0.6,5200
265,2021-06-02,5118006,702947369,137.8,138.0,136.65,137.7,0.0,6240
266,2021-06-03,5137777,708745556,137.95,138.45,137.5,137.6,-0.1,5273
267,2021-06-04,3268847,446605239,137.0,137.0,136.3,136.95,-0.65,5297
268,2021-06-07,10994102,1502787769,137.2,137.4,134.65,137.3,0.35,13872
269,2021-06-08,3021521,413571142,137.3,137.5,136.5,136.5,-0.8,4359
270,2021-06-09,6289449,851835109,136.3,136.3,135.05,135.5,-1.0,8909
271,2021-06-10,6953916,953274453,136.0,137.85,135.8,137.6,2.1,7526
272,2021-06-11,3427869,473613244,138.1,138.5,137.85,138.1,0.5,4811
273,2021-06-15,4126481,572346206,138.6,139.0,138.4,138.85,0.75,6371
274,2021-06-16,7330366,1016261767,138.7,138.95,138.15,138.7,-0.15,7048
275,2021-06-17,3283653,452105710,137.8,138.3,137.15,138.3,-0.4,4057
276,2021-06-18,2249578,310815371,138.85,138.85,137.95,138.0,-0.3,3350
277,2021-06-21,16678832,2255922407,136.9,137.0,134.6,134.7,-3.3,25994
278,2021-06-22,6078865,820657527,135.6,136.05,134.5,134.85,0.15,9047
279,2021-06-23,6517135,887399669,135.0,137.15,134.8,137.05,2.2,5282
280,2021-06-24,6289676,861039047,137.05,137.25,136.45,136.7,-0.35,4263
281,2021-06-25,6623437,911180118,137.45,137.95,136.7,136.95,0.25,6284
282,2021-06-28,4090101,560920233,137.0,137.5,136.5,137.2,0.25,4724
283,2021-06-29,9131032,1259391696,137.9,138.7,137.3,137.6,0.4,5881
284,2021-06-30,9756709,1355932363,138.1,139.35,138.05,138.95,1.35,8757
285,2021-07-01,4680733,649025587,139.0,139.2,138.05,138.3,-0.65,5327
286,2021-07-02,4826430,667110798,138.3,138.5,137.9,138.3,0.0,4137
287,2021-07-05,7881941,1100359360,138.75,140.0,138.75,139.6,1.3,8455
288,2021-07-06,6551731,915548456,139.85,140.05,139.45,139.75,0.15,6171
289,2021-07-07,6776193,942786963,139.6,139.65,138.6,139.0,-0.75,5825
290,2021-07-08,4085141,567119389,139.15,139.5,138.2,138.85,-0.15,4262
291,2021-07-09,7176503,986007526,137.9,137.9,136.95,137.75,-1.1,11004
292,2021-07-12,13736653,1913348729,139.05,140.05,138.55,139.0,1.25,12106
293,2021-07-13,14007902,1968576900,140.0,141.0,139.95,140.15,1.15,12312
294,2021-07-14,9604503,1350159685,140.2,141.1,140.15,140.5,0.35,8329
295,2021-07-15,12338667,1746117456,140.95,141.85,140.8,141.8,1.3,13045
296,2021-07-16,9507234,1327200973,139.8,140.0,139.05,139.9,-1.9,10629
297,2021-07-19,10856715,1500042445,139.0,139.2,137.55,138.3,-1.6,14186
298,2021-07-20,8443543,1160744460,137.8,138.3,137.05,137.2,-1.1,14659
299,2021-07-21,13271874,1813074896,138.0,138.0,136.1,136.7,0.0,20448
300,2021-07-22,6243365,862215168,137.8,138.55,137.25,137.65,0.95,4741
301,2021-07-23,3242961,446860983,138.05,138.3,137.35,137.65,0.0,4939
302,2021-07-26,12149739,1661811908,137.75,138.05,136.25,136.45,-1.2,17915
303,2021-07-27,10677894,1457154226,136.5,137.05,136.05,136.4,-0.05,12162
304,2021-07-28,31583968,4245231662,136.1,136.1,133.75,134.25,-2.15,38726
305,2021-07-29,10889344,1480352131,135.85,136.6,135.25,136.5,2.25,7383
306,2021-07-30,4040055,550974846,136.6,136.6,136.0,136.05,-0.45,4798
307,2021-08-02,7376244,1011342122,137.0,138.0,136.05,137.9,1.85,5273
308,2021-08-03,6224382,859255808,137.95,138.45,137.7,138.45,0.55,5115
309,2021-08-04,5642671,784584423,138.65,139.3,138.45,139.25,0.8,5413
310,2021-08-05,5840987,813087525,139.25,139.45,138.85,139.0,-0.25,6400
311,2021-08-06,4031604,558390394,138.9,139.0,137.8,138.8,-0.2,5590
312,2021-08-09,5186503,714762861,138.2,138.55,136.7,138.4,-0.4,5861
313,2021-08-10,2676946,369136949,138.45,138.5,137.5,137.65,-0.75,6027
314,2021-08-11,3867154,529729666,137.35,137.65,136.6,137.2,-0.45,7131
315,2021-08-12,2376688,325349900,137.2,137.25,136.5,136.95,-0.25,4386
316,2021-08-13,7816273,1061673383,136.6,136.85,135.55,135.65,-1.3,16810
317,2021-08-16,11135323,1506240702,135.5,135.75,134.9,135.35,-0.3,14444
318,2021-08-17,13757654,1854533694,135.4,135.5,134.3,134.35,-1.0,20363
319,2021-08-18,22162774,2958372270,133.6,134.95,132.45,134.9,0.55,20199
320,2021-08-19,28091032,3719709802,134.5,134.5,131.6,131.8,-3.1,41771
321,2021-08-20,16501498,2163648386,132.2,132.8,130.2,130.75,-1.05,20673
322,2021-08-23,6086614,814769062,132.25,134.45,132.15,134.35,3.6,7827
323,2021-08-24,5086550,685956249,135.2,135.35,134.6,134.75,0.4,4866
324,2021-08-25,7031858,954442277,135.15,136.1,135.15,136.05,1.3,6772
325,2021-08-26,7276078,997127716,137.45,138.0,136.35,137.0,0.95,6899
326,2021-08-27,16875047,2328482421,136.7,138.5,136.45,138.15,1.15,9673
327,2021-08-30,21974199,3054444066,138.65,139.5,138.45,139.5,1.35,15333
328,2021-08-31,16604451,2314461154,139.4,140.35,138.1,140.35,0.85,12191
329,2021-09-01,18843757,2654655259,140.15,141.3,140.05,141.0,0.65,13396
330,2021-09-02,7218178,1015442778,140.9,141.4,139.9,139.9,-1.1,6517
331,2021-09-03,11543959,1634417680,140.65,142.1,140.45,141.9,2.0,10027
332,2021-09-06,14283400,2037715398,141.9,143.5,141.6,142.55,0.65,14230
333,2021-09-07,8413574,1194822412,142.8,142.8,141.45,141.9,-0.65,7538
334,2021-09-08,7239389,1019366042,141.75,142.0,139.95,140.65,-1.25,9015
335,2021-09-09,3194199,447668012,139.65,141.0,139.3,140.3,-0.35,4400
336,2021-09-10,3165128,448120950,140.7,142.1,140.5,141.95,1.65,5203
337,2021-09-13,3348806,473494037,141.85,141.85,141.15,141.45,-0.5,3899
338,2021-09-14,2513428,356460422,141.85,142.2,141.35,141.6,0.15,2824
339,2021-09-15,12135597,1709846643,141.3,141.45,140.4,140.75,-0.85,12872
340,2021-09-16,8202035,1150003927,140.8,141.0,139.75,140.1,-0.65,6836
341,2021-09-17,3858456,541563536,140.1,141.05,139.5,140.5,0.4,3815
342,2021-09-22,25084805,3435002639,137.1,137.6,136.3,137.2,-3.3,28707
343,2021-09-23,5915660,816669288,138.0,138.5,137.6,138.0,0.8,5666
344,2021-09-24,6297547,877424900,138.8,139.65,138.7,139.65,1.65,4748
345,2021-09-27,11877695,1660910631,139.85,140.35,139.2,140.0,0.35,6647
346,2021-09-28,17896339,2484681382,139.25,139.35,138.25,139.0,-1.0,6867
347,2021-09-29,31469085,4284361418,136.9,136.9,135.45,136.0,-3.0,43917
348,2021-09-30,16919613,2303685576,136.3,137.1,135.2,137.05,1.05,9983
349,2021-10-01,28939270,3888671030,136.3,136.3,133.65,133.95,-3.1,44143
350,2021-10-04,24299469,3240409636,134.7,134.8,132.85,133.15,-0.8,27766
351,2021-10-05,28469257,3753464098,132.0,133.0,130.9,132.95,-0.2,36809
352,2021-10-06,22785877,3024603640,134.0,134.0,132.0,133.0,0.05,24818
353,2021-10-07,13826376,1866323932,134.05,135.6,133.95,135.35,2.35,9745
354,2021-10-08,7988089,1075930310,135.65,135.65,133.95,134.2,-1.15,9574
355,2021-10-12,11588565,1533572691,132.7,133.15,131.6,132.85,-1.35,16091
356,2021-10-13,5741940,761389812,133.4,133.6,132.15,132.4,-0.45,9324
357,2021-10-14,3441729,457703545,133.5,133.7,132.5,132.75,0.35,5211
358,2021-10-15,13728479,1862428212,134.65,136.35,134.3,136.25,3.5,11985
359,2021-10-18,5450752,743028806,136.7,136.9,135.6,135.85,-0.4,6738
360,2021-10-19,8666121,1186479700,136.2,137.25,136.05,136.95,1.1,5866
361,2021-10-20,14674356,2008846387,137.05,137.3,136.45,136.6,-0.35,11922
362,2021-10-21,13292564,1823893063,136.7,137.8,136.1,136.1,-0.5,9180
363,2021-10-22,5321361,725081014,136.25,136.75,135.65,136.5,0.4,4657
364,2021-10-25,7522325,1022937288,136.0,136.7,135.2,136.4,-0.1,7124
365,2021-10-26,10797704,1483480452,136.65,137.75,136.6,137.55,1.15,9789
366,2021-10-27,7527789,1031896075,136.95,137.55,136.7,137.55,0.0,5876
367,2021-10-28,4597622,630055512,137.45,137.65,136.6,137.15,-0.4,5081
368,2021-10-29,5145743,699434063,137.05,137.05,135.35,135.8,-1.35,6484
369,2021-11-01,3142335,428929269,136.2,136.75,136.2,136.5,0.7,3530
370,2021-11-02,4154241,569049842,136.8,137.65,136.15,136.25,-0.25,5150
371,2021-11-03,2399598,328234276,136.4,137.0,136.4,136.6,0.35,2724
372,2021-11-04,2662461,364046342,137.25,137.5,136.15,136.15,-0.45,4093
373,2021-11-05,11655592,1603293234,137.1,138.2,136.8,138.1,1.95,11698
374,2021-11-08,7721327,1072307464,138.2,139.2,138.2,139.2,1.1,8260
375,2021-11-09,12860159,1810403187,140.15,141.2,140.1,140.7,1.5,11831
376,2021-11-10,5594835,785319940,140.65,140.65,140.0,140.5,-0.2,7203
377,2021-11-11,4600441,640820755,139.1,139.75,138.8,139.25,-1.25,4898
378,2021-11-12,5886568,825588673,139.9,140.8,139.5,139.7,0.45,5407
379,2021-11-15,6780991,955946488,140.55,141.25,140.55,140.95,1.25,8393
380,2021-11-16,6013400,849180129,140.95,141.45,140.8,141.2,0.25,6529
381,2021-11-17,27642686,3911651162,141.3,141.7,141.15,141.65,0.45,21969
382,2021-11-18,6242847,887241873,141.75,142.55,141.65,142.45,0.8,7912
383,2021-11-19,6253607,894594272,143.5,143.55,142.65,142.8,0.35,7531
384,2021-11-22,3868526,551655567,142.7,142.9,142.4,142.45,-0.35,6318
385,2021-11-23,4701595,664821080,142.0,142.0,141.05,141.1,-1.35,6686
386,2021-11-24,3224697,453478983,141.1,141.15,140.15,140.5,-0.6,5362
387,2021-11-25,2612776,366609846,140.5,140.9,140.0,140.45,-0.05,4293
388,2021-11-26,12594105,1745167285,139.55,139.85,137.95,138.15,-2.3,22155
389,2021-11-29,11534852,1593014716,137.6,138.8,137.5,138.15,0.0,10364
390,2021-11-30,10539304,1460465604,138.8,139.6,137.85,138.0,-0.15,8776
391,2021-12-01,4329326,603377795,138.1,140.5,138.05,140.3,2.3,5203
392,2021-12-02,9133260,1292045173,140.1,141.95,139.7,141.8,1.5,9601
393,2021-12-03,4946614,700928903,141.95,142.15,141.1,141.75,-0.05,4496
394,2021-12-06,4060985,573477544,140.7,141.9,140.0,141.35,-0.4,7070
395,2021-12-07,3157948,444889939,141.35,141.8,140.35,141.8,0.45,4881
396,2021-12-08,11183297,1596995575,143.1,143.6,142.3,142.35,0.55,9108
397,2021-12-09,4675110,664504401,142.45,142.65,141.7,142.0,-0.35,4259
398,2021-12-10,3436577,487665365,141.8,142.1,141.35,141.95,-0.05,4855
399,2021-12-13,4759881,676100133,142.2,142.45,141.5,141.5,-0.45,5027
400,2021-12-14,5027334,705014383,140.35,140.7,139.95,140.1,-1.4,9424
401,2021-12-15,10117615,1416798965,140.1,140.6,139.7,140.3,0.2,11074
402,2021-12-16,5763811,816635782,141.35,142.05,141.15,142.05,1.75,6419
403,2021-12-17,4979845,706093154,141.55,142.0,141.2,141.9,-0.15,5392
404,2021-12-20,4582532,645465862,141.8,141.85,140.3,140.65,-1.25,7866
405,2021-12-21,6716896,951161400,140.7,141.95,140.7,141.85,1.2,4760
406,2021-12-22,4146304,588113850,141.95,142.0,141.65,141.85,0.0,3235
407,2021-12-23,14116987,2012988793,142.75,143.2,142.25,142.65,0.8,5310
408,2021-12-24,12807935,1835254135,143.0,143.6,142.95,143.05,0.4,8437
409,2021-12-27,6838963,984397159,143.2,144.25,143.1,144.15,1.1,8693
410,2021-12-28,22888176,3315969575,144.3,145.3,144.3,145.3,1.15,9328
411,2021-12-29,22807731,3319821967,145.45,146.15,145.05,145.95,0.65,7510
412,2021-12-30,6421410,935379902,145.95,146.0,145.35,145.5,-0.45,5369
413,2022-01-03,7064552,1034974917,146.0,147.35,146.0,146.4,0.9,8298
414,2022-01-04,10122789,1507398153,147.7,149.6,147.7,149.6,3.2,10438
415,2022-01-05,11730618,1755680824,150.1,150.55,149.1,149.3,-0.3,12614
416,2022-01-06,9085138,1342084958,148.3,148.75,147.0,147.9,-1.4,13496
417,2022-01-07,7435645,1095365963,148.3,149.0,146.5,146.6,-1.3,12008
418,2022-01-10,15979639,2346043879,146.0,147.8,145.4,147.55,0.95,8675
419,2022-01-11,17984061,2655717032,147.6,148.5,146.7,148.3,0.75,8365
420,2022-01-12,10326119,1541003375,149.35,149.6,148.7,149.55,1.25,6551
421,2022-01-13,7680333,1152220355,149.55,150.45,149.55,150.3,0.75,7281
422,2022-01-14,10400081,1560843189,150.8,151.2,149.05,150.3,0.0,9178
423,2022-01-17,7202412,1093229361,151.1,152.4,151.1,152.0,1.7,9817
424,2022-01-18,14811991,2242827500,152.2,152.25,150.15,150.3,-1.7,12127
425,2022-01-19,15371288,2288127587,149.0,149.65,148.25,148.5,-1.8,18846
426,2022-01-20,16845120,2499682717,148.5,149.2,147.6,149.1,0.6,16497
427,2022-01-21,32475644,4649317826,143.9,143.95,142.3,142.65,0.0,53966
428,2022-01-24,13767241,1965019247,142.1,144.0,141.7,144.0,1.35,17460
429,2022-01-25,25646145,3632621711,142.55,142.55,141.25,141.65,-2.35,39744
430,2022-01-26,18559075,2629997366,141.15,142.2,141.05,141.55,-0.1,21586
431,2022-02-07,25312461,3593629562,142.6,142.8,141.2,142.3,0.75,27821
432,2022-02-08,11521967,1648442209,143.3,143.5,142.8,142.9,0.6,12271
433,2022-02-09,8470497,1211943126,143.5,143.5,142.65,143.4,0.5,10362
434,2022-02-10,6325130,912680055,143.9,145.05,143.5,145.05,1.65,9065
435,2022-02-11,4556282,659321520,144.7,145.05,144.05,144.95,-0.1,6376
436,2022-02-14,12907152,1841179721,143.95,143.95,142.2,142.7,-2.25,23175
437,2022-02-15,8139525,1160338475,142.7,143.2,141.95,142.05,-0.65,16664
438,2022-02-16,6906308,995478507,143.9,144.45,143.8,144.4,2.35,9252
439,2022-02-17,5161916,746195906,144.4,145.0,144.0,144.5,0.1,7328
440,2022-02-18,4068622,584581991,143.5,144.15,143.05,144.1,-0.4,5997
441,2022-02-21,4807904,689347421,143.45,143.85,142.8,143.8,-0.3,8772
442,2022-02-22,20814988,2943619804,142.6,142.65,140.75,141.85,-1.95,42631
443,2022-02-23,4803500,681745270,141.85,142.4,141.65,142.25,0.4,8142
444,2022-02-24,32725876,4565434642,141.1,141.1,138.3,138.8,-3.45,67346
445,2022-02-25,24731645,3424810229,139.05,139.2,137.85,138.5,-0.3,43146
446,2022-03-01,8694504,1218632723,139.05,140.8,138.85,140.45,1.95,12259
447,2022-03-02,6778502,946372757,140.0,140.1,139.2,139.65,-0.8,14073
448,2022-03-03,4742921,664351237,140.5,140.8,139.85,139.95,0.3,7830
449,2022-03-04,14283278,1977417838,138.5,138.85,137.95,138.45,-1.5,33012
450,2022-03-07,57431892,7712383575,136.9,136.9,133.75,134.0,-4.45,104615
451,2022-03-08,46246906,6098512055,132.45,133.15,131.0,131.15,-2.85,86528
452,2022-03-09,22656321,3007269415,132.2,133.25,132.2,132.5,1.35,33257
453,2022-03-10,15177320,2065524204,135.2,136.55,135.2,136.35,3.85,20830
454,2022-03-11,11806594,1591939591,135.85,135.85,134.2,134.4,-1.95,24453
455,2022-03-14,9183817,1235380453,135.0,135.35,134.0,134.4,0.0,14005
456,2022-03-15,26456827,3486775988,133.15,133.15,131.4,131.65,-2.75,58815
457,2022-03-16,20364324,2682635242,133.2,133.25,131.1,132.2,0.55,31163
458,2022-03-17,14459851,1962595410,135.45,136.5,135.2,136.4,4.2,14613
459,2022-03-18,12975464,1765126941,136.6,136.6,135.5,136.1,-0.3,9547
460,2022-03-21,8071045,1108232637,136.8,137.65,136.8,137.0,0.9,9955
461,2022-03-22,6251029,854443656,136.8,137.0,136.3,136.8,-0.2,6431
462,2022-03-23,10632461,1467263732,137.6,138.35,137.55,138.1,1.3,10787
463,2022-03-24,4479584,616438268,137.5,138.1,137.05,138.0,-0.1,5982
464,2022-03-25,5074402,701035397,138.4,138.5,137.9,138.2,0.2,7142
465,2022-03-28,11194840,1523419805,137.0,137.0,135.55,136.7,-1.5,17862
466,2022-03-29,6644012,909712955,137.0,137.2,136.6,136.85,0.15,6574
467,2022-03-30,8498372,1176292567,138.05,138.7,138.05,138.55,1.7,8633
468,2022-03-31,3748776,518591902,138.55,138.65,138.1,138.1,-0.45,5426
469,2022-04-01,8220571,1123614950,136.6,136.95,136.15,136.95,-1.15,11446
470,2022-04-06,12266186,1663822127,135.25,136.35,135.0,136.25,-0.7,18875
471,2022-04-07,16680908,2243105321,135.1,135.1,133.8,133.8,-2.45,41548
472,2022-04-08,9480787,1270359704,134.1,134.55,133.75,134.55,0.75,12982
473,2022-04-11,18450771,2451482093,134.15,134.45,132.2,132.45,-2.1,38851
474,2022-04-12,15367279,2032841606,132.15,132.85,131.6,132.55,0.1,25468
475,2022-04-13,7246152,975028417,133.4,135.2,133.2,135.05,2.5,8734
476,2022-04-14,5235079,705835063,135.75,135.75,134.55,134.55,-0.5,7392
477,2022-04-15,22334668,2955902166,132.85,133.05,132.0,132.25,-2.3,37007
478,2022-04-18,19495870,2565078259,132.0,132.25,131.15,131.55,-0.7,33455
479,2022-04-19,9433361,1248058966,132.25,132.95,131.85,132.0,0.45,11022
480,2022-04-20,7104382,939528194,132.2,132.7,131.65,132.65,0.65,10235
481,2022-04-21,4226570,562769738,133.25,133.6,132.65,132.75,0.1,6277
482,2022-04-22,12398307,1626054746,131.4,131.75,130.85,131.6,-1.15,24219
483,2022-04-25,35058202,4525920924,130.0,130.05,128.65,129.25,-2.35,58198
484,2022-04-26,10361395,1339825860,129.75,129.8,128.85,129.25,0.0,20563
485,2022-04-27,31244250,3953298339,127.0,127.0,126.05,126.55,-2.7,50065
486,2022-04-28,12311754,1559363486,127.35,127.4,125.95,127.1,0.55,16772
487,2022-04-29,12271215,1582008363,128.9,129.5,128.25,128.75,1.65,12017
488,2022-05-03,7021550,898507584,128.55,128.7,127.45,127.8,-0.95,16878
489,2022-05-04,10324829,1319173779,128.3,128.45,127.5,127.8,0.0,14820
490,2022-05-05,6508490,841880402,129.5,129.8,128.95,129.25,1.45,9252
491,2022-05-06,18804033,2373840312,126.45,126.85,125.95,126.65,-2.6,37094
492,2022-05-09,14256432,1778657382,125.5,125.55,124.5,124.55,-2.1,30644
493,2022-05-10,14865244,1826485304,122.15,124.1,121.55,124.0,-0.55,24937
494,2022-05-11,8458090,1047528803,123.85,124.45,123.3,124.2,0.2,11241
495,2022-05-12,13693487,1672599238,123.0,123.0,121.2,121.25,-2.95,36619
496,2022-05-13,7332122,894972932,122.1,122.35,121.55,122.35,1.1,9914
497,2022-05-16,6085859,750214036,123.45,124.0,122.5,123.0,0.65,11536
498,2022-05-17,4399419,545917041,123.15,124.5,123.15,124.35,1.35,7213
499,2022-05-18,6600381,829207469,125.35,126.0,125.25,125.7,1.35,9484
500,2022-05-19,7894711,972266714,123.45,123.8,122.65,123.3,-2.4,15517
501,2022-05-20,3867232,481189963,123.75,124.95,123.65,124.65,1.35,6285
502,2022-05-23,2859330,357757749,125.3,125.6,124.5,124.9,0.25,5281
503,2022-05-24,5469914,678348751,125.0,125.2,123.4,123.5,-1.4,10831
504,2022-05-25,2724739,338285381,123.7,124.7,123.45,124.45,0.95,5121
505,2022-05-26,6240375,771156008,125.0,125.0,122.85,122.9,-1.55,11824
506,2022-05-27,11895801,1491077052,124.15,125.8,124.05,125.5,2.6,10471
507,2022-05-30,14840687,1896337486,127.25,128.6,127.05,128.55,3.05,13098
508,2022-05-31,7233052,930745401,128.45,129.8,127.6,129.8,1.25,8069
509,2022-06-01,6730117,872404015,129.3,130.05,129.0,129.15,-0.65,8809
510,2022-06-02,4721923,604071385,128.45,128.45,127.6,127.8,-1.35,7275
511,2022-06-06,4292361,550968083,128.25,129.0,127.45,128.7,0.9,8948
512,2022-06-07,5160242,656817533,127.95,127.95,126.85,127.4,-1.3,9097
513,2022-06-08,4110313,529293647,128.5,129.1,128.15,128.8,1.4,4841
514,2022-06-09,2056798,263676687,128.2,128.5,127.65,128.4,-0.4,3858
515,2022-06-10,4616549,585983475,126.8,127.4,126.4,127.1,-1.3,10027
516,2022-06-13,18437079,2280313744,124.1,124.25,123.45,123.55,-3.55,32400
517,2022-06-14,12474631,1529735542,122.6,123.55,122.1,123.35,-0.2,17066
518,2022-06-15,9373128,1153315986,123.0,123.6,122.65,122.75,-0.6,15559
519,2022-06-16,13116110,1620183258,124.1,125.0,122.25,122.5,-0.25,14401
520,2022-06-17,21263720,2569840589,121.0,121.5,120.4,120.85,-1.65,35146
521,2022-06-20,11621643,1395030566,120.9,120.95,119.5,119.75,-1.1,23697
522,2022-06-21,6691755,812035105,120.95,122.2,120.35,122.2,2.45,8127
523,2022-06-22,16172586,1939003203,121.7,121.7,119.35,119.5,-2.7,24790
524,2022-06-23,18053581,2134106169,119.8,119.8,117.25,117.9,-1.6,28068
525,2022-06-24,11166572,1324805066,118.65,119.3,117.95,118.15,0.25,10504
526,2022-06-27,16926661,2049732101,119.8,121.45,119.8,120.95,2.8,17198
527,2022-06-28,11140021,1333751369,120.8,120.8,119.25,119.8,-1.15,13216
528,2022-06-29,6670681,793045377,118.7,119.55,118.5,118.8,-1.0,10563
529,2022-06-30,22064782,2563829835,117.7,117.8,115.5,115.8,-3.0,36330
530,2022-07-01,36878756,4168809309,115.65,115.65,111.2,111.55,-4.25,51585
531,2022-07-04,27456531,3044859233,111.25,112.2,110.0,110.45,-1.1,28717
532,2022-07-05,17050908,1887614040,112.55,112.95,109.0,111.0,0.55,21122
533,2022-07-06,16720163,1831687490,111.0,111.05,108.45,108.85,-2.15,28951
534,2022-07-07,13797274,1529508284,109.45,112.15,108.55,112.1,3.25,13307
535,2022-07-08,10632316,1204020139,113.3,113.9,112.3,113.25,1.15,13149
536,2022-07-11,8031808,904913578,113.65,113.7,111.85,112.25,-1.0,12407
537,2022-07-12,12036545,1321731606,110.95,110.95,109.15,109.55,-2.7,20560
538,2022-07-13,25339925,2868407778,113.0,113.65,112.6,113.45,3.9,18017
539,2022-07-14,15117665,1713783782,112.7,114.25,111.8,114.0,0.55,12765
540,2022-07-15,19084676,2192351516,114.6,115.65,113.75,115.5,1.5,16864
541,2022-07-18,22677308,2593194353,114.65,114.85,113.95,114.2,0.0,21124
542,2022-07-19,13479392,1540004175,113.95,114.65,113.6,114.3,0.1,13416
543,2022-07-20,17257016,1993667626,115.85,116.2,114.7,115.05,0.75,15086
544,2022-07-21,9016500,1043315930,115.4,116.35,115.0,116.35,1.3,8960
545,2022-07-22,15904768,1855616035,116.6,117.2,116.3,116.8,0.45,13658
546,2022-07-25,10845215,1264021428,116.3,116.95,116.0,116.7,-0.1,13409
547,2022-07-26,13077161,1513988792,116.6,116.6,115.3,115.65,-1.05,16321
548,2022-07-27,8102634,939120906,115.5,116.7,115.15,116.7,1.05,6945
549,2022-07-28,8557891,1004795134,117.85,117.95,116.9,116.9,0.2,8632
550,2022-07-29,8291615,979364354,118.15,118.5,117.65,118.0,1.1,8204
551,2022-08-01,9841470,1157739155,118.1,118.1,117.2,117.65,-0.35,8720
552,2022-08-02,18600451,2149115164,116.55,116.55,115.1,115.55,-2.1,22146
553,2022-08-03,8100057,939263431,115.65,116.25,115.5,116.25,0.7,7600
554,2022-08-04,7108342,826140065,116.35,116.8,115.2,116.55,0.3,7988
555,2022-08-05,9625538,1143739838,118.0,119.5,117.9,119.5,2.95,10809
556,2022-08-08,8966011,1066313383,119.0,119.25,118.3,119.25,-0.25,10279
557,2022-08-09,8186879,971998418,118.4,119.5,118.0,119.15,-0.1,9920
558,2022-08-10,7796649,919415561,118.0,118.2,117.5,117.9,-1.25,13624
559,2022-08-11,10957384,1314562900,119.8,120.45,119.6,120.05,2.15,8947
560,2022-08-12,8598361,1038027809,120.55,121.0,120.3,120.8,0.75,7656
561,2022-08-15,9837499,1198033224,121.45,122.1,121.25,121.9,1.1,10575
562,2022-08-16,10114278,1235256112,122.0,122.3,121.9,122.1,0.2,10769
563,2022-08-17,14115407,1723131119,122.1,122.3,121.8,122.15,0.05,14681
564,2022-08-18,5637817,683651223,121.4,121.45,120.95,121.35,-0.8,9013
565,2022-08-19,4315583,523948759,121.25,122.0,120.9,121.55,0.2,7401
566,2022-08-22,8972758,1076431037,120.0,120.25,119.7,119.8,-1.75,19855
567,2022-08-23,11095739,1314798887,118.55,119.0,118.2,118.2,-1.6,18728
568,2022-08-24,7558746,892619974,118.8,118.95,117.65,117.9,-0.3,12385
569,2022-08-25,5143118,611992350,118.5,119.45,118.45,119.0,1.1,6976
570,2022-08-26,10173674,1219207855,119.85,120.1,119.45,119.6,0.6,7601
571,2022-08-29,17248914,2007953600,116.25,116.95,116.0,116.55,-3.05,31024
572,2022-08-30,12722112,1482741825,116.55,117.2,116.2,116.75,0.2,14210
573,2022-08-31,7324798,854472563,115.95,117.6,115.8,117.6,0.85,8421
574,2022-09-01,23181870,2670144230,115.5,115.6,114.75,115.15,-2.45,41161
575,2022-09-02,15351769,1755500653,115.1,115.1,113.85,113.9,-1.25,29767
576,2022-09-05,9508218,1084987846,114.1,114.75,113.7,114.15,0.25,14479
577,2022-09-06,6757649,775277096,114.8,115.4,114.25,114.9,0.75,8756
578,2022-09-07,17431510,1960146749,113.1,113.15,112.1,112.2,-2.7,37500
579,2022-09-08,7535495,849210347,113.05,113.05,112.4,113.0,0.8,9354
580,2022-09-12,7850900,905418862,115.3,115.65,115.0,115.4,2.4,10707
581,2022-09-13,4768515,553524212,116.1,116.4,115.75,116.0,0.6,6854
582,2022-09-14,11875719,1347366608,113.05,113.95,112.8,113.65,-2.35,19904
583,2022-09-15,4051460,460557461,113.5,114.25,113.2,113.85,0.2,9633
584,2022-09-16,13858212,1558832568,112.65,112.85,112.3,112.55,-1.3,22320
585,2022-09-19,7705465,864575077,112.95,112.95,111.9,112.05,-0.5,15283
586,2022-09-20,5999746,675492164,112.55,113.15,112.25,113.05,1.0,7093
587,2022-09-21,11672155,1309037173,112.8,112.8,111.8,112.1,-0.95,17348
588,2022-09-22,16093771,1772402603,110.4,110.75,109.5,110.75,-1.35,25277
589,2022-09-23,15826978,1738392677,110.25,110.35,109.35,109.7,-1.05,27136
590,2022-09-26,21804952,2343738865,108.05,108.05,107.15,107.65,-2.05,40858
591,2022-09-27,9580153,1029687583,107.8,107.95,107.0,107.5,-0.15,14707
592,2022-09-28,20345587,2153739170,107.6,107.65,105.25,105.25,-2.25,32676
593,2022-09-29,11208229,1180322655,106.45,106.45,104.6,104.9,-0.35,18926
594,2022-09-30,13648874,1411909885,103.3,103.9,103.0,103.45,-1.45,22436
595,2022-10-03,11975969,1228448047,102.5,103.6,102.05,102.2,-1.25,21869
596,2022-10-04,7833142,819071391,104.55,104.8,104.1,104.8,2.6,9472
597,2022-10-05,11194438,1200114972,106.5,107.85,106.35,107.25,2.45,14935
598,2022-10-06,8691035,937261167,107.8,108.0,107.5,108.0,0.75,9150
599,2022-10-07,9160530,976696727,107.4,107.4,106.1,106.2,-1.8,12082
600,2022-10-11,34441616,3486069852,102.0,102.15,100.5,100.7,-5.5,60659
601,2022-10-12,14465314,1447866459,100.4,100.7,99.55,100.2,-0.5,24580
602,2022-10-13,22325644,2221287940,100.55,100.55,99.0,99.0,-1.2,33100
603,2022-10-14,11783757,1199217211,101.75,102.3,101.1,101.85,2.85,13154
604,2022-10-17,20644755,2056968004,99.95,100.1,99.05,99.95,-1.9,26913
605,2022-10-18,6617063,666287430,101.5,101.55,99.95,101.1,1.15,7799
606,2022-10-19,16168656,1619067920,100.8,101.0,99.55,99.75,-1.35,18345
607,2022-10-20,20052215,1965292155,98.2,99.45,97.35,99.2,-0.55,25107
608,2022-10-21,12689251,1258389294,99.3,99.85,98.7,98.9,-0.3,13697
609,2022-10-24,17387205,1726288183,100.75,100.8,98.6,98.6,-0.3,11595
610,2022-10-25,21366539,2076591671,98.6,98.6,96.5,96.7,-1.9,29831
611,2022-10-26,11205246,1090637092,96.85,98.0,96.5,97.6,0.9,10428
612,2022-10-27,8254594,817258776,98.5,99.35,98.5,99.0,1.4,8458
613,2022-10-28,12102185,1184927619,98.6,98.6,97.25,97.75,-1.25,16292
614,2022-10-31,10298898,1018326324,98.85,99.35,98.1,99.05,1.3,7670
615,2022-11-01,8491868,845001137,98.85,99.95,98.8,99.6,0.55,7547
616,2022-11-02,7245488,722735676,99.6,100.05,99.4,100.0,0.4,6862
617,2022-11-03,14068192,1387625383,98.5,98.85,98.35,98.7,-1.3,14353
618,2022-11-04,6727808,660289654,98.1,98.95,97.5,98.85,0.15,8800
619,2022-11-07,12464513,1250474948,99.8,100.85,99.55,100.55,1.7,13601
620,2022-11-08,10726648,1090564061,101.45,101.95,101.25,101.6,1.05,10717
621,2022-11-09,19308833,2005296271,102.55,104.5,102.55,104.5,2.9,13949
622,2022-11-10,15112976,1563929803,103.45,103.85,103.2,103.5,-1.0,14597
623,2022-11-11,35134524,3816107828,108.55,109.0,107.8,109.0,5.5,24303
624,2022-11-14,18631343,2048246202,109.8,110.4,109.4,110.0,1.0,14745
625,2022-11-15,34799438,3949308928,111.2,114.95,111.2,114.7,4.7,30474
626,2022-11-16,24251504,2780841398,115.0,115.75,113.85,114.5,-0.2,22139
627,2022-11-17,13741730,1563715421,113.95,114.65,112.85,114.55,0.05,12743
628,2022-11-18,10968139,1260274871,114.9,115.85,114.05,114.25,-0.3,9494
629,2022-11-21,8978435,1024589996,114.35,114.65,113.7,113.85,-0.4,8696
630,2022-11-22,5798244,662093232,113.4,115.0,113.05,114.8,0.95,7049
631,2022-11-23,8224840,950304384,115.65,115.9,115.05,115.6,0.8,8001
632,2022-11-24,15641447,1817903787,116.0,116.85,115.9,116.7,1.1,12365
633,2022-11-25,16343906,1907311237,116.65,116.95,116.35,116.7,0.0,11202
634,2022-11-28,15627449,1790790160,114.6,115.3,113.9,114.35,-2.35,19654
635,2022-11-29,10926996,1249914581,113.85,115.4,113.1,115.4,1.05,10582
636,2022-11-30,9535815,1105729102,115.1,116.4,114.85,116.35,0.95,7145
637,2022-12-01,25136792,2986426381,119.2,119.5,118.0,118.35,2.0,15943
638,2022-12-02,7796015,915125681,117.3,117.95,117.0,117.3,-1.05,9334
639,2022-12-05,12330303,1453977570,117.3,118.5,117.2,117.45,0.15,13386
640,2022-12-06,10637488,1233830310,116.8,116.8,115.2,115.3,-2.15,18014
641,2022-12-07,8636949,992227828,114.5,115.85,114.2,114.6,-0.7,11453
642,2022-12-08,9682884,1095896374,114.05,114.1,112.45,113.25,-1.35,15434
643,2022-12-09,6394176,733944261,114.0,115.25,113.95,115.0,1.75,6619
644,2022-12-12,8764346,996031881,114.2,114.2,113.25,113.9,-1.1,10800
645,2022-12-13,6860743,780649790,114.5,114.5,113.25,113.4,-0.5,9245
646,2022-12-14,8037662,921921559,114.1,115.0,114.0,114.8,1.4,5821
647,2022-12-15,8045621,920687808,114.3,115.05,113.9,114.9,0.1,7173
648,2022-12-16,12792990,1442269090,112.5,113.3,112.25,113.0,-1.9,20877
649,2022-12-19,6504872,731424488,112.35,112.95,112.0,112.35,-0.65,10865
650,2022-12-20,13446289,1495479453,112.15,112.5,110.05,110.3,-2.05,24270
651,2022-12-21,12203031,1350469821,110.8,111.4,110.3,110.75,0.45,13065
652,2022-12-22,5166548,580351057,111.75,112.75,111.75,112.6,1.85,5881
653,2022-12-23,6556232,725974713,110.7,111.05,110.4,110.7,-1.9,13445
654,2022-12-26,4258430,472402011,110.8,111.2,110.7,111.1,0.4,8121
655,2022-12-27,4269800,477679306,111.4,112.25,111.4,111.6,0.5,5136
656,2022-12-28,13002156,1428236786,110.5,110.5,109.4,110.0,-1.6,19157
657,2022-12-29,14342647,1562777609,109.2,109.6,108.4,109.5,-0.5,15143
658,2022-12-30,8890361,982130895,110.6,110.75,110.2,110.2,0.7,7376
659,2023-01-03,15272877,1673263794,109.6,110.9,108.45,110.75,0.55,13899
660,2023-01-04,14211742,1569704151,110.3,110.8,110.1,110.5,-0.25,11908
661,2023-01-05,12395862,1379134974,111.25,111.7,110.95,111.3,0.8,10075
662,2023-01-06,11826560,1321964557,111.2,112.2,111.15,111.8,0.5,9838
663,2023-01-09,15649173,1796709538,114.0,115.8,113.9,115.8,4.0,16946
664,2023-01-10,12427863,1442160806,115.95,116.4,115.75,116.25,0.45,13729
665,2023-01-11,15849620,1841541741,116.65,116.75,115.9,116.35,0.1,9631
666,2023-01-12,10249887,1189043911,116.5,116.6,115.65,115.85,-0.5,9044
667,2023-01-13,28912072,3396535255,118.5,118.6,116.95,117.2,1.35,15940
668,2023-01-16,28203249,3334058723,118.1,118.55,118.0,118.1,0.9,20855
669,2023-01-17,14600817,1723846104,118.35,118.35,117.8,118.1,0.0,16373
670,2023-01-30,44330389,5335880299,120.8,121.0,120.0,120.7,0.0,31199
671,2023-01-31,22474562,2681531250,120.6,120.6,118.3,118.3,-2.4,23552
672,2023-02-01,6903171,821124932,119.1,119.45,118.45,119.0,0.7,8921
673,2023-02-02,16194958,1956007315,120.3,121.1,120.25,121.0,2.0,15931
674,2023-02-03,9934984,1200856481,120.95,121.2,120.2,121.0,0.0,10997
675,2023-02-06,14297030,1709758781,120.1,120.1,119.25,119.25,-1.75,25811
676,2023-02-07,8787291,1045314027,119.1,119.25,118.55,119.0,-0.25,13540
677,2023-02-08,9239321,1114132382,120.1,120.95,120.0,120.85,1.85,8739
678,2023-02-09,5032245,607543546,120.5,121.0,120.3,120.9,0.05,7141
679,2023-02-10,6572526,794912205,120.9,121.1,120.6,121.0,0.1,9368
680,2023-02-13,4149906,499573936,120.7,120.9,119.9,120.75,-0.25,8262
681,2023-02-14,7965786,968395750,121.25,121.8,121.25,121.65,0.9,8497
682,2023-02-15,13852368,1653181275,119.95,120.25,118.8,118.85,-2.8,33160
683,2023-02-16,11233273,1349768658,119.3,120.5,119.3,120.3,1.45,14038
684,2023-02-17,8960233,1064028251,119.3,119.3,118.4,118.75,-1.55,22127
685,2023-02-20,6230136,741121308,118.55,119.35,118.1,119.0,0.25,11499
686,2023-02-21,4772315,567003197,119.0,119.1,118.55,118.95,-0.05,9128
687,2023-02-22,12041784,1414076263,117.5,117.75,117.1,117.65,-1.3,24996
688,2023-02-23,6448658,768858699,117.95,119.8,117.95,119.4,1.75,8273
689,2023-02-24,5828709,695430436,119.9,120.1,118.8,118.8,-0.6,9038
690,2023-03-01,7996077,945839757,117.3,119.45,116.85,119.35,0.55,14283
691,2023-03-02,3750827,446314792,119.35,119.35,118.3,119.25,-0.1,7974
692,2023-03-03,3341290,399317811,119.8,120.1,119.2,119.35,0.1,6234
693,2023-03-06,9805282,1180244684,120.15,120.9,119.9,120.5,1.15,13204
694,2023-03-07,7894646,955038720,120.55,121.4,120.2,121.3,0.8,10888
695,2023-03-08,6752736,811622845,120.5,120.6,119.8,120.3,-1.0,12824
696,2023-03-09,3505542,422340774,120.75,120.8,120.2,120.2,-0.1,6100
697,2023-03-10,15018299,1778354150,118.85,118.95,118.0,118.3,-1.9,36674
698,2023-03-13,19295272,2287800081,117.95,119.1,117.4,118.8,0.5,23098
699,2023-03-14,12145943,1427615281,117.55,117.95,117.15,117.5,-1.3,25237
700,2023-03-15,12613249,1487783616,118.4,118.7,117.45,117.6,0.1,16012
701,2023-03-16,16683826,1950310995,117.2,117.4,116.5,117.05,-0.55,26799
702,2023-03-17,11087333,1312228564,117.85,118.95,117.8,118.95,1.9,10331
703,2023-03-20,7527505,889553151,118.95,119.05,117.85,118.1,-0.85,12258
704,2023-03-21,3732049,442410377,118.5,118.75,118.2,118.65,0.55,5260
705,2023-03-22,15003597,1807359927,119.45,120.9,119.45,120.9,2.25,14407
706,2023-03-23,16090498,1955072279,120.65,122.3,120.45,121.85,0.95,13085
707,2023-03-24,13919981,1697778467,122.0,122.3,121.55,122.2,0.35,10776
708,2023-03-27,11001040,1336572588,121.75,121.9,121.2,121.45,-0.75,13372
709,2023-03-28,10125868,1219702746,120.95,121.15,120.2,120.4,-1.05,10337
710,2023-03-29,3255113,392661248,120.65,121.05,120.15,120.6,0.2,4859
711,2023-03-30,11586756,1404541104,121.4,121.7,120.75,121.2,0.6,9046
712,2023-03-31,15218318,1853800317,121.7,122.35,121.4,121.6,0.4,11286
713,2023-04-06,8076540,975648621,120.85,121.0,120.2,121.0,-0.6,15029
714,2023-04-07,4623088,559443394,121.25,121.45,120.8,121.0,0.0,6781
715,2023-04-10,4503497,545831612,121.25,121.65,120.9,121.0,0.0,10059
716,2023-04-11,6233410,753799317,121.0,121.15,120.4,120.85,-0.15,7741
717,2023-04-12,3247078,391083845,120.85,120.85,120.15,120.55,-0.3,8438
718,2023-04-13,7509494,899888595,120.05,120.15,119.5,119.5,-1.05,20441
719,2023-04-14,3289954,396239471,120.0,120.9,119.85,120.65,1.15,5326
720,2023-04-17,6061114,728092733,120.35,120.5,119.8,120.35,-0.3,10622
721,2023-04-18,5183750,621931940,120.35,120.4,119.75,119.95,-0.4,8973
722,2023-04-19,8700172,1037538973,120.0,120.05,118.8,119.05,-0.9,22007
723,2023-04-20,7081813,841412699,118.85,119.4,118.4,118.9,-0.15,14761
724,2023-04-21,5326801,633413325,119.45,119.55,118.5,118.6,-0.3,11296
725,2023-04-24,7308582,863114882,117.8,118.5,117.7,118.15,-0.45,16153
726,2023-04-25,21039325,2465027235,118.3,118.3,116.55,116.6,-1.55,50500
727,2023-04-26,14209529,1647263712,116.55,116.6,115.65,116.1,-0.5,27918
728,2023-04-27,10274310,1192417644,116.05,116.65,115.5,116.0,-0.1,16910
729,2023-04-28,6023403,705691455,116.85,117.55,116.85,117.4,1.4,8752
730,2023-05-02,5572977,655524087,117.45,118.0,117.1,117.7,0.3,9964
731,2023-05-03,4652271,544828139,117.35,117.35,116.8,117.2,-0.5,13074
732,2023-05-04,3888293,455688616,117.0,117.5,116.7,117.5,0.3,6451
733,2023-05-05,2550129,300346321,117.7,118.05,117.4,117.8,0.3,7918
734,2023-05-08,6287398,746027147,118.5,118.9,118.35,118.55,0.75,8772
735,2023-05-09,4828179,573008011,118.6,119.0,118.3,118.9,0.35,5793
736,2023-05-10,4685154,553250294,118.8,118.8,117.65,117.8,-1.1,14060
737,2023-05-11,4031551,475242643,118.25,118.45,117.55,117.55,-0.25,9465
738,2023-05-12,4251764,497565809,117.15,117.5,116.75,117.2,-0.35,10633
739,2023-05-15,4584892,536438630,116.95,117.35,116.65,117.2,0.0,11605
740,2023-05-16,8154133,966494663,117.9,119.0,117.85,118.6,1.4,8206
741,2023-05-17,26759613,3216484995,118.65,120.7,118.65,120.55,1.95,19879
742,2023-05-18,23085737,2818081711,121.8,122.4,121.6,122.15,1.6,18679
743,2023-05-19,34913145,4278148441,122.6,122.85,122.2,122.5,0.35,15521
744,2023-05-22,18271130,2235344218,122.5,122.65,122.1,122.3,-0.2,13613
745,2023-05-23,12550223,1533549326,122.3,122.65,121.8,122.2,-0.1,9154
746,2023-05-24,11115015,1349345830,121.65,121.8,121.1,121.6,-0.6,11398
747,2023-05-25,12032587,1479717457,123.0,123.4,122.45,123.05,1.45,12230
748,2023-05-26,25082491,3153789783,125.0,126.05,125.0,125.95,2.9,22847
749,2023-05-29,15208057,1929832310,127.45,127.55,126.5,126.75,0.8,12780
750,2023-05-30,12627196,1600974723,126.75,127.05,126.45,126.75,0.0,11246
751,2023-05-31,9229280,1162014425,126.7,126.7,125.15,126.15,-0.6,8924
752,2023-06-01,4231123,529306119,125.35,125.6,124.9,125.15,-1.0,9059
753,2023-06-02,8412015,1064911699,125.8,127.0,125.8,126.75,1.6,8688
754,2023-06-05,6813168,862022046,126.75,126.8,126.25,126.35,-0.4,12612
755,2023-06-06,6877372,872451559,126.35,127.25,126.15,126.7,0.35,8845
756,2023-06-07,12723827,1627013314,127.0,128.25,127.0,128.1,1.4,13016
757,2023-06-08,5592606,712598286,127.9,128.2,126.55,126.85,-1.25,11699
758,2023-06-09,5862280,749792405,127.5,128.2,127.4,127.8,0.95,6506
759,2023-06-12,14318994,1847755997,128.5,129.3,128.5,129.0,1.2,15620
760,2023-06-13,24673560,3237838070,130.2,131.95,130.2,131.55,2.55,20840
761,2023-06-14,7065011,928061839,131.4,131.6,131.0,131.5,-0.05,9345
762,2023-06-15,11515134,1517768461,131.55,132.0,131.5,131.9,0.4,11361
763,2023-06-16,7586911,997115026,131.8,131.8,131.1,131.55,-0.35,10734
764,2023-06-19,6339672,831339915,130.95,131.5,130.55,131.25,-0.3,9046
765,2023-06-20,6966617,910631085,131.1,131.25,130.35,130.55,-0.7,11014
766,2023-06-21,26907844,3512494232,130.55,131.05,130.25,130.55,0.0,19627
767,2023-06-26,7961459,1033662089,130.35,130.35,129.4,129.75,-0.8,14775
768,2023-06-27,7065960,911566544,129.15,129.55,128.7,128.9,-0.85,11856
769,2023-06-28,5943784,767169941,129.35,129.7,128.8,129.1,0.2,6875
770,2023-06-29,6037292,781610723,129.75,130.5,128.9,129.05,-0.05,8210
771,2023-06-30,7504016,964915657,128.8,129.1,128.3,129.1,0.05,11593
772,2023-07-03,6979683,910555077,129.6,130.7,129.6,130.7,1.6,9688
773,2023-07-04,5919797,774846909,130.75,131.15,130.55,131.0,0.3,6440
774,2023-07-05,5405909,706996255,131.0,131.2,130.4,130.8,-0.2,10839
775,2023-07-06,18056472,2319934035,129.7,129.7,127.7,127.9,-2.9,35216
776,2023-07-07,8691413,1108433002,127.55,128.3,127.1,127.7,-0.2,15852
777,2023-07-10,8506247,1087197872,128.1,128.5,127.0,127.45,-0.25,15866
778,2023-07-11,4784843,616545942,128.0,129.2,128.0,129.2,1.75,7165
779,2023-07-12,3615026,467234931,129.3,129.45,128.85,129.45,0.25,5255
780,2023-07-13,16226020,2133901327,131.3,131.9,130.85,130.9,1.45,11990
781,2023-07-14,15492527,2045651027,131.45,132.5,131.45,132.25,1.35,12488
782,2023-07-17,15718027,2074554911,132.0,132.2,131.75,132.0,-0.25,14370
783,2023-07-18,11349805,1476866383,131.0,131.0,129.7,129.85,0.0,13808
784,2023-07-19,14711894,1904179858,130.15,130.5,128.75,128.75,-1.1,13734
785,2023-07-20,4065413,526047896,129.05,129.7,129.0,129.35,0.6,6617
786,2023-07-21,14040621,1783482811,127.4,127.4,126.5,127.2,-2.15,26081
787,2023-07-24,10275826,1306214864,127.0,127.65,126.6,127.25,0.05,13810
788,2023-07-25,7215119,928837067,127.7,129.2,127.7,128.85,1.6,9939
789,2023-07-26,4653101,599322518,129.1,129.2,128.35,128.5,-0.35,7505
790,2023-07-27,4193242,542308226,129.15,129.5,129.0,129.5,1.0,5407
791,2023-07-28,2941994,380885090,129.4,129.9,129.0,129.5,0.0,5786
792,2023-07-31,7751452,1003262971,130.3,130.65,128.25,128.8,-0.7,11911
793,2023-08-01,4681935,605687341,129.0,129.55,128.85,129.45,0.65,5568
794,2023-08-02,13214168,1691372960,129.4,129.45,127.45,127.85,-1.6,25553
795,2023-08-04,7590841,965724465,127.25,127.5,126.9,127.25,-0.6,17688
796,2023-08-07,4928020,632072444,127.65,128.7,127.55,128.5,1.25,9990
797,2023-08-08,11518036,1462740267,128.1,128.2,126.4,127.0,-1.5,22299
798,2023-08-09,3923514,498949221,126.8,127.65,126.65,127.2,0.2,6570
799,2023-08-10,12013887,1520233956,126.9,127.0,126.3,126.4,-0.8,24030
800,2023-08-11,8352738,1057052710,127.0,127.35,126.15,126.3,-0.1,14891
801,2023-08-14,24758060,3085645422,125.65,125.7,124.1,124.5,-1.8,45116
802,2023-08-15,8064361,1007886002,125.25,125.45,124.6,124.7,0.2,13972
803,2023-08-16,19265218,2386950619,124.15,124.4,123.6,124.05,-0.65,28773
804,2023-08-17,10203696,1262107790,123.6,124.65,122.9,124.6,0.55,14568
805,2023-08-18,8329354,1033129605,124.2,124.8,123.7,123.85,-0.75,15609
806,2023-08-21,11056378,1364733615,124.2,124.45,123.0,123.0,-0.85,22157
807,2023-08-22,3869049,479695909,124.0,124.35,123.7,124.0,1.0,5903
808,2023-08-23,6976770,870807674,124.0,125.15,124.0,124.85,0.85,6513
809,2023-08-24,7038124,892217306,126.4,127.1,126.25,127.0,2.15,9358
810,2023-08-25,8003807,1000262751,125.5,125.5,124.5,124.55,-2.45,19366
811,2023-08-28,4490279,563092008,124.85,125.7,124.75,125.35,0.8,5969
812,2023-08-29,6680673,837437077,126.0,126.05,124.7,126.05,0.7,5747
813,2023-08-30,5913148,748785529,126.75,127.05,126.1,126.6,0.55,5496
814,2023-08-31,4631756,582873215,126.55,126.55,125.5,125.7,-0.9,7284
815,2023-09-01,3298119,415112581,125.5,126.3,125.1,125.9,0.2,5596
816,2023-09-04,3707169,468203099,125.9,126.8,125.6,126.75,0.85,7338
817,2023-09-05,3941418,497786566,126.55,126.6,126.05,126.45,-0.3,8573
818,2023-09-06,7625626,961803907,126.6,126.7,125.85,126.0,-0.45,9559
819,2023-09-07,6411794,801664974,125.3,125.5,124.7,124.85,-1.15,17083
820,2023-09-08,6199055,769574529,124.1,124.5,123.85,124.3,-0.55,14188
821,2023-09-11,9428969,1166557903,124.45,124.5,123.4,123.8,-0.5,24971
822,2023-09-12,2805462,349339590,124.1,125.05,123.85,125.05,1.25,6181
823,2023-09-13,3406028,426207684,125.2,125.6,124.7,125.2,0.15,6039
824,2023-09-14,7617917,963664074,125.9,126.95,125.55,126.95,1.75,8115
825,2023-09-15,6105752,776049821,127.0,127.35,126.75,127.35,0.4,9240
826,2023-09-18,7560656,953950294,126.6,126.6,125.85,126.0,-1.35,12370
827,2023-09-19,4357933,547352485,125.85,126.05,125.35,125.45,-0.55,8893
828,2023-09-20,6502123,811431441,125.05,125.2,124.5,124.75,-0.7,13555
829,2023-09-21,23194776,2852690919,123.8,123.85,122.65,122.75,-2.0,42629
830,2023-09-22,10344025,1266304522,122.45,122.8,122.05,122.65,-0.1,17251
831,2023-09-25,4337416,534903153,122.75,123.75,122.75,123.55,0.9,9173
832,2023-09-26,11388965,1392938598,122.65,123.0,122.0,122.1,-1.45,27278
833,2023-09-27,7068444,862259747,121.85,122.3,121.55,122.15,0.05,11732
834,2023-09-28,5881478,720853929,122.75,123.15,122.05,122.65,0.5,8062
835,2023-10-02,6751292,838587439,123.6,124.5,123.6,124.25,1.6,9457
836,2023-10-03,5464302,676825581,123.95,124.15,123.45,123.5,-0.75,9863
837,2023-10-04,12322148,1500309693,122.1,122.2,121.35,121.9,-1.6,23810
838,2023-10-05,4410768,543373343,122.4,123.65,122.4,123.65,1.75,8646
839,2023-10-06,5059285,627964218,123.8,124.3,123.8,124.1,0.45,6632
840,2023-10-11,14193410,1790523768,125.9,126.4,125.85,126.25,2.15,15854
841,2023-10-12,14896995,1891391381,126.5,127.35,126.3,127.3,1.05,12866
842,2023-10-13,6625556,841318386,127.0,127.4,126.5,126.95,-0.35,7770
843,2023-10-16,8160811,1028565397,126.3,126.3,125.7,126.25,-0.7,12161
844,2023-10-17,7017073,888838340,126.7,127.0,126.4,126.55,0.3,4946
845,2023-10-18,10455744,1309803222,126.25,126.25,124.8,124.8,-1.75,12920
846,2023-10-19,8052218,1005789594,124.4,125.2,124.4,124.85,0.05,5999
847,2023-10-20,4697636,585353175,124.75,125.45,123.9,125.4,0.55,8889
848,2023-10-23,8728531,1081610006,124.85,124.85,123.55,123.85,-1.55,17221
849,2023-10-24,7671925,946216726,123.8,123.95,122.7,123.95,0.1,12393
850,2023-10-25,4229277,526223763,124.2,124.9,124.2,124.2,0.25,6992
851,2023-10-26,24072723,2932698311,121.85,122.4,121.6,121.75,-2.45,41829
852,2023-10-27,4413646,540170286,122.15,122.75,122.1,122.3,0.55,8453
853,2023-10-30,9793200,1196075934,122.4,122.85,121.75,122.0,-0.3,14083
854,2023-10-31,11952747,1453195970,122.4,122.45,121.1,121.15,-0.85,23607
855,2023-11-01,4851033,590621617,122.0,122.15,121.25,121.75,0.6,9873
856,2023-11-02,10198429,1264950789,123.15,124.5,123.15,124.5,2.75,9411
857,2023-11-03,9126443,1142874376,125.0,125.6,124.7,125.45,0.95,10102
858,2023-11-06,16723502,2122057421,126.55,127.2,126.35,126.55,1.1,18001
859,2023-11-07,6787466,858536486,126.5,126.8,126.1,126.5,-0.05,6880
860,2023-11-08,11598430,1474341891,126.65,127.45,126.5,127.2,0.7,10111
861,2023-11-09,6557452,833538185,126.9,127.4,126.65,127.25,0.05,6909
862,2023-11-10,4553684,576769594,126.7,126.85,126.4,126.75,-0.5,8757
863,2023-11-13,26195241,3377923072,129.25,129.6,128.5,128.7,1.95,17363
864,2023-11-14,20924489,2705445757,129.2,129.6,128.95,129.0,0.3,14287
865,2023-11-15,23631311,3088480462,130.9,131.0,130.05,130.55,1.55,19145
866,2023-11-16,18984999,2481132692,130.8,131.2,130.3,130.6,0.05,13230
867,2023-11-17,27988384,3673563109,130.6,131.5,130.55,131.0,0.4,14272
868,2023-11-20,8981513,1174727729,131.05,131.05,130.45,130.95,-0.05,9185
869,2023-11-21,29656930,3927372905,131.45,132.7,131.45,132.55,1.6,20483
870,2023-11-22,6466066,850217906,131.25,131.8,131.15,131.35,-1.2,8435
871,2023-11-23,6536128,857653472,131.35,131.45,130.75,131.3,-0.05,6940
872,2023-11-24,13467831,1768269652,131.3,131.65,131.05,131.2,-0.1,4898
873,2023-11-27,9897650,1294524691,131.2,131.85,130.1,130.35,-0.85,13117
874,2023-11-28,9871026,1294408032,130.4,131.8,130.3,131.25,0.9,8229
875,2023-11-29,6856869,901479551,131.3,132.2,131.05,131.15,-0.1,6371
876,2023-11-30,11141866,1461693142,131.3,131.5,130.65,131.35,0.2,7269
877,2023-12-01,5597363,735215490,131.0,131.8,130.8,131.8,0.45,7516
878,2023-12-04,4696605,616828082,131.8,132.0,130.9,131.3,-0.5,8297
879,2023-12-05,5239029,681967654,130.6,130.6,129.9,130.35,-0.95,11762
880,2023-12-06,7348212,961804130,130.4,131.4,130.4,130.8,0.45,6585
881,2023-12-07,3015451,392931187,130.6,130.65,130.0,130.0,-0.8,7413
882,2023-12-08,13264049,1741413382,131.15,131.6,130.9,131.05,1.05,7072
883,2023-12-11,3510751,459990205,131.05,131.35,130.65,131.2,0.15,9233
884,2023-12-12,5725775,754266762,131.9,132.05,131.35,131.5,0.3,5918
885,2023-12-13,3169648,417085408,131.6,131.8,131.4,131.55,0.05,5792
886,2023-12-14,32957343,4385238569,132.65,133.45,132.5,133.15,1.6,16680
887,2023-12-15,18914190,2533436503,133.65,134.2,133.65,133.7,0.55,13945
888,2023-12-18,7066751,942681477,133.65,133.9,132.6,133.9,0.2,9533
889,2023-12-19,5870488,781918732,133.8,133.8,132.75,133.4,-0.5,8618
890,2023-12-20,6963954,930578824,133.55,133.85,133.4,133.75,0.35,7452
891,2023-12-21,5619016,743838778,132.2,132.7,132.05,132.6,-1.15,7953
892,2023-12-22,6358269,844967698,132.6,133.1,132.6,132.95,0.35,4882
893,2023-12-25,8406012,1122521003,133.0,133.8,132.95,133.5,0.55,8464
894,2023-12-26,17326648,2325240676,133.5,134.4,133.5,134.25,0.75,11845
895,2023-12-27,30857192,4177189577,134.4,135.9,134.35,135.75,1.5,16671
896,2023-12-28,15353146,2085248437,135.75,136.0,135.45,135.75,0.0,9803
897,2023-12-29,13407035,1819068025,135.7,136.0,135.35,135.45,-0.3,7710
898,2024-01-02,6283610,848793104,135.6,135.95,134.65,134.9,-0.55,10013
899,2024-01-03,14783894,1963126583,133.7,133.9,132.3,132.55,-2.35,25258
900,2024-01-04,4838660,641202865,132.55,132.75,132.3,132.5,-0.05,7094
901,2024-01-05,4566320,604475455,132.55,132.95,132.1,132.15,-0.35,12744
902,2024-01-08,9657556,1285524342,133.0,133.6,132.75,132.75,0.6,9876
903,2024-01-09,5906880,787405208,133.85,133.95,132.75,133.0,0.25,6499
904,2024-01-10,7249096,959855308,132.4,132.65,132.0,132.3,-0.7,13348
905,2024-01-11,5852556,777172314,132.45,133.25,132.35,132.85,0.55,7305
906,2024-01-12,6877839,911710806,132.2,133.05,131.95,132.65,-0.2,9482
907,2024-01-15,12566534,1673280222,133.3,133.55,132.65,133.0,0.35,12513
908,2024-01-16,23016099,3029504121,132.05,132.3,131.1,131.65,-1.35,23835
909,2024-01-17,39219163,5016755779,130.0,130.0,127.3,127.45,0.0,50897
910,2024-01-18,7535303,965672293,127.9,128.55,127.9,128.3,0.85,11151
911,2024-01-19,26897126,3553992205,131.7,133.1,131.1,132.9,4.6,18390
912,2024-01-22,13443533,1799399654,133.8,134.35,133.35,133.8,0.9,12583
913,2024-01-23,7339835,982801681,133.9,134.25,133.5,134.05,0.25,8187
914,2024-01-24,14554385,1953259376,134.15,134.4,133.95,134.0,-0.05,8606
915,2024-01-25,27224110,3687022852,135.05,135.7,134.9,135.65,1.65,20635
916,2024-01-26,16456940,2234146555,135.65,135.95,135.3,135.65,0.0,11391
917,2024-01-29,27291722,3720069370,135.65,136.65,135.6,136.5,0.85,14077
918,2024-01-30,9944399,1356292111,136.35,136.65,136.05,136.15,-0.35,8051
919,2024-01-31,7320760,985961198,135.25,135.3,134.35,134.35,-1.8,11931
920,2024-02-01,8812920,1180328029,134.35,134.5,133.6,134.35,0.0,9600
921,2024-02-02,9178958,1238629170,135.0,135.2,134.65,135.1,0.75,6764
922,2024-02-05,17961425,2439229519,135.1,136.2,135.0,135.95,0.85,16536
923,2024-02-15,44444918,6313384766,142.2,142.7,141.4,142.35,6.4,44592
924,2024-02-16,18273199,2589642250,142.35,142.35,141.2,141.3,-1.05,14623
925,2024-02-19,9632521,1357473487,141.0,141.25,140.6,141.1,-0.2,12669
926,2024-02-20,13875231,1965919655,140.55,142.0,140.4,141.65,0.55,11241
927,2024-02-21,12860271,1817231233,141.4,141.5,141.05,141.2,-0.45,13387
928,2024-02-22,13160126,1875242859,142.95,143.05,141.85,142.8,1.6,13559
929,2024-02-23,19974323,2872323988,143.45,144.1,143.3,143.75,0.95,17595
930,2024-02-26,10368883,1491081396,143.7,144.0,143.0,143.95,0.2,12614
931,2024-02-27,6507934,933504679,143.95,144.2,142.65,143.35,-0.6,10372
932,2024-02-29,7372502,1055974598,143.0,143.95,142.7,143.3,-0.05,10899
933,2024-03-01,9019098,1292041933,143.55,143.95,142.8,142.8,-0.5,11396
934,2024-03-04,25733539,3766826897,145.0,147.2,144.85,146.95,4.15,23900
935,2024-03-05,17270419,2557952404,147.75,148.55,147.35,148.15,1.2,18112
936,2024-03-06,17232812,2554806448,147.0,149.05,146.4,148.85,0.7,14657
937,2024-03-07,31117921,4732119017,151.0,153.0,150.75,152.3,3.45,25573
938,2024-03-08,30512569,4733555354,155.6,156.45,153.0,154.45,2.15,27381
939,2024-03-11,13908138,2131482853,153.85,154.2,152.55,152.9,-1.55,19953
940,2024-03-12,15457256,2377895105,152.2,154.6,152.1,154.5,1.6,13566
941,2024-03-13,13431850,2088230077,155.55,156.15,154.95,155.25,0.75,12114
942,2024-03-14,8777345,1361442129,154.9,155.8,154.3,155.1,-0.15,9671
943,2024-03-15,9218845,1418850825,154.3,154.75,153.0,153.0,-2.1,14662
944,2024-03-18,18434059,2836201013,153.0,154.5,153.0,154.4,1.4,11959
945,2024-03-19,8872114,1365460173,153.4,154.55,153.0,154.05,-0.35,8199
946,2024-03-20,10441824,1609185340,154.2,155.3,153.0,153.2,-0.85,11445
947,2024-03-21,21131978,3315155281,155.55,157.7,155.55,157.4,4.2,21103
948,2024-03-22,7163593,1126524179,157.5,158.25,156.5,157.2,-0.2,8945
949,2024-03-25,9052498,1426632970,157.2,158.0,156.95,157.5,0.3,10534
950,2024-03-26,7011591,1106518323,158.3,159.2,156.4,157.6,0.1,10423
951,2024-03-27,4644158,730810486,157.4,157.85,156.9,157.65,0.05,5803
952,2024-03-28,3438375,539015594,157.3,157.3,155.9,156.9,-0.75,7097
953,2024-03-29,8255237,1302182597,156.9,158.4,156.9,157.9,1.0,7944
954,2024-04-01,5727780,904051439,158.2,158.75,157.25,157.4,-0.5,9814
955,2024-04-02,7924481,1261718566,158.45,159.65,158.4,159.65,2.25,11341
956,2024-04-03,5042947,799119313,158.65,158.9,157.8,158.55,-1.1,10098
957,2024-04-08,6124837,976164820,158.65,159.85,158.55,159.45,0.9,12306
958,2024-04-09,9043462,1465418271,160.0,163.35,159.9,163.25,3.8,15355
959,2024-04-10,5731265,933773619,162.75,163.3,162.45,163.0,-0.25,12106
960,2024-04-11,4677727,758087448,162.05,162.5,161.65,162.5,-0.5,9606
961,2024-04-12,6129174,994740991,162.6,162.8,161.95,162.1,-0.4,7404
962,2024-04-15,8727145,1397288443,160.25,160.55,159.6,160.0,-2.1,20071
963,2024-04-16,18674686,2914071977,158.3,158.3,154.75,155.65,-4.35,39767
964,2024-04-17,8077871,1267652543,155.95,157.7,155.9,157.4,1.75,10186
965,2024-04-18,6903163,1087753112,156.35,158.95,155.8,158.95,1.55,8741
966,2024-04-19,33785973,5120010612,154.1,154.15,149.5,150.9,-8.05,63456
967,2024-04-22,9992734,1505959931,150.4,151.75,149.7,150.45,-0.45,18339
968,2024-04-23,5718650,868908321,152.15,152.45,151.3,151.9,1.45,7971
969,2024-04-24,8082060,1258539965,154.0,156.5,154.0,156.35,4.45,9579
970,2024-04-25,5279800,811673254,154.1,154.45,153.25,153.5,-2.85,13893
971,2024-04-26,6054296,945852784,156.0,156.8,155.5,156.0,2.5,7970
972,2024-04-29,8135962,1289630787,157.3,159.1,157.3,158.8,2.8,10501
973,2024-04-30,4792141,761950562,158.6,159.35,158.25,158.25,-0.55,6586
974,2024-05-02,6666498,1042279767,157.35,157.35,156.0,156.15,-2.1,12625
975,2024-05-03,5935465,936184397,158.55,158.65,156.45,156.95,0.8,6876
976,2024-05-06,9032607,1441651437,159.0,160.15,159.0,159.2,2.25,12931
977,2024-05-07,6699483,1072604883,160.25,160.55,159.5,160.1,0.9,9146
978,2024-05-08,6345930,1017586029,160.0,160.8,159.65,160.7,0.6,7563
979,2024-05-09,5285856,850455689,160.75,161.25,160.4,160.5,-0.2,5952
980,2024-05-10,10192376,1644984436,161.25,162.1,160.55,161.65,1.15,11494
981,2024-05-13,9642900,1576521176,163.35,163.9,162.95,163.3,1.65,12460
982,2024-05-14,8291028,1358012114,163.2,164.45,162.7,164.4,1.1,9897
983,2024-05-15,15243403,2541851885,165.6,167.85,165.5,166.65,2.25,18162
984,2024-05-16,12586120,2119619590,168.95,169.75,167.1,167.45,0.8,12459
985,2024-05-17,5039743,842406145,167.55,167.7,166.7,167.25,-0.2,8291
986,2024-05-20,7278652,1212643672,167.25,167.4,165.3,167.2,-0.05,13023
987,2024-05-21,4588315,764313254,166.4,167.15,165.85,167.0,-0.2,6790
988,2024-05-22,6928097,1171910569,167.2,170.0,167.2,170.0,3.0,10448
989,2024-05-23,6656188,1137393249,170.3,171.45,170.0,171.3,1.3,11169
990,2024-05-24,3877932,660238032,169.3,170.8,169.3,170.6,-0.7,6487
991,2024-05-27,6149922,1062472354,171.75,173.4,171.75,172.95,2.35,12001
992,2024-05-28,5835433,1009317540,172.95,173.4,172.5,173.2,0.25,8245
993,2024-05-29,7402741,1268475158,172.45,172.5,170.55,170.85,-2.35,14406
994,2024-05-30,10376879,1745935737,168.0,169.0,167.7,167.9,-2.95,23558
995,2024-05-31,9114336,1525397907,168.25,168.9,166.0,166.0,-1.9,18205
996,2024-06-03,9475689,1600550183,168.65,169.75,167.3,169.55,3.55,12509
997,2024-06-04,8753452,1465081642,168.75,168.75,166.5,166.85,-2.7,18696
998,2024-06-05,4935163,827016285,167.4,168.8,166.15,168.45,1.6,11328
999,2024-06-06,18069198,3139162083,172.75,174.6,172.65,174.2,5.75,19789
1000,2024-06-07,7113014,1229550638,173.3,173.4,172.4,172.85,-1.35,10518
1001,2024-06-11,11261872,1954032447,173.15,174.25,172.9,173.3,0.45,12407
1002,2024-06-12,8173366,1431691938,173.3,176.45,173.3,176.4,3.1,11978
1003,2024-06-13,16739748,2995817069,178.9,180.5,177.8,178.95,2.55,17606
1004,2024-06-14,6902361,1236103031,178.95,180.0,177.8,180.0,1.05,11630
1005,2024-06-17,8638429,1551547565,179.2,180.45,178.8,180.0,0.0,14693
1006,2024-06-18,7029339,1284103308,182.5,183.05,182.0,183.0,3.0,12087
1007,2024-06-19,26118499,4893505250,184.75,188.9,184.75,187.95,4.95,27903
1008,2024-06-20,11887892,2243620224,187.95,189.75,187.8,189.75,1.8,15551
1009,2024-06-21,10830757,2036270941,187.1,189.2,186.95,188.6,-1.15,17027
1010,2024-06-24,14671365,2705763066,186.5,186.5,183.55,184.0,-4.6,32170
1011,2024-06-25,13774562,2513790496,181.95,183.9,180.8,183.9,-0.1,20594
1012,2024-06-26,9269483,1718526283,184.95,186.1,184.25,185.35,1.45,11194
1013,2024-06-27,6508242,1199247562,183.6,185.3,183.4,185.3,-0.05,8578
1014,2024-06-28,4455951,830033644,185.3,187.4,184.65,186.45,1.15,7487
1015,2024-07-01,7681395,1437551892,186.55,188.05,186.25,186.6,0.15,11579
1016,2024-07-02,5882791,1090850183,185.95,186.75,184.5,185.35,-1.25,11238
1017,2024-07-03,6787428,1270770925,187.6,187.6,186.4,187.6,2.25,8862
1018,2024-07-04,13513209,2592032676,190.6,192.65,190.6,192.5,4.9,17096
1019,2024-07-05,10250583,1969313776,192.6,192.85,191.55,191.8,-0.7,14725
1020,2024-07-08,17999450,3538290906,191.9,198.5,191.85,197.85,6.05,20267
1021,2024-07-09,16177507,3201844493,197.45,200.05,195.45,197.65,-0.2,18605
1022,2024-07-10,7807965,1537696021,196.95,198.4,195.0,198.35,0.7,16630
1023,2024-07-11,10435774,2105367679,200.65,202.8,200.0,202.75,4.4,15095
1024,2024-07-12,16267539,3207781338,198.2,198.35,196.0,196.35,-6.4,43004
1025,2024-07-15,10323853,2034933297,197.65,198.1,196.1,196.7,0.35,16684
1026,2024-07-16,13731487,2710925011,196.55,199.0,196.0,196.85,0.0,16165
1027,2024-07-17,15694924,3059326947,196.4,196.5,193.6,194.1,-2.75,31123
1028,2024-07-18,19796818,3754498885,188.6,190.9,188.2,190.6,-3.5,39463
1029,2024-07-19,18436231,3456363627,188.75,189.0,186.2,186.25,-4.35,43183
1030,2024-07-22,23474914,4268806758,185.4,185.4,180.05,180.7,-5.55,48514
1031,2024-07-23,13180830,2437876621,183.7,186.3,183.7,186.3,5.6,18100
1032,2024-07-26,29164975,5210021472,178.05,179.45,177.1,179.0,-7.3,61517
1033,2024-07-29,10574343,1915739406,181.8,182.0,179.95,180.6,1.6,16228
1034,2024-07-30,14007149,2507019649,179.25,181.3,177.5,180.6,0.0,22564
1035,2024-07-31,9530148,1715165757,178.85,181.15,178.6,180.85,0.25,12645
1036,2024-08-01,14525195,2671260519,185.0,185.1,182.7,184.0,3.15,14649
1037,2024-08-02,32816025,5798178503,178.15,178.9,174.7,174.7,-9.3,68966
1038,2024-08-05,61002329,9893076101,166.65,166.65,158.4,158.75,-15.95,111467
1039,2024-08-06,65342352,10883521675,167.3,170.4,160.8,167.5,8.75,54758
1040,2024-08-07,32751044,5650132811,169.85,174.75,169.0,174.15,6.65,29003
1041,2024-08-08,26852782,4585081468,171.05,172.4,169.0,170.55,-3.6,29484
1042,2024-08-09,24121860,4242663929,175.0,176.9,174.5,175.85,5.3,21088
1043,2024-08-12,18188036,3246767115,177.25,179.8,177.25,178.05,2.2,18552
1044,2024-08-13,11257895,2010945566,179.3,179.5,178.0,178.5,0.45,12862
1045,2024-08-14,19282599,3487274230,180.35,181.85,179.95,180.75,2.25,16415
1046,2024-08-15,12003834,2160883722,180.6,181.0,179.05,179.35,-1.4,16847
1047,2024-08-16,13980972,2561360342,183.0,183.65,182.35,183.4,4.05,17837
1048,2024-08-19,9763635,1795724975,183.5,184.7,183.15,183.65,0.25,13639
1049,2024-08-20,11135615,2053096490,184.6,185.2,183.7,183.75,0.1,12633
1050,2024-08-21,12259979,2233167204,183.0,183.05,181.45,181.8,-1.95,17575
1051,2024-08-22,5716778,1035514934,182.1,182.6,180.35,180.85,-0.95,11371
1052,2024-08-23,8316460,1497506580,179.0,181.35,178.9,180.95,0.1,11394
1053,2024-08-26,11798725,2149783996,182.4,183.4,180.8,181.25,0.3,13941
1054,2024-08-27,5626648,1014124826,180.4,180.9,179.75,180.45,-0.8,8817
1055,2024-08-28,5848299,1061370161,180.5,183.0,179.85,183.0,2.55,8787
1056,2024-08-29,11314146,2040580617,179.5,181.15,179.15,180.5,-2.5,15918
1057,2024-08-30,8281952,1501858594,180.95,182.05,180.65,181.35,0.85,9587
